Cordenada X,Cordenada Y,fuerza X 1,fuerza Y 1,fuerza neta 1,fuerza X 2,fuerza Y 2,fuerza neta 2,fuerza X 3,fuerza Y 3,fuerza neta 3,fuerza total X,fuerza total Y,fuerza neta total
-2.5,-2.5,77.914,77.914,-110.193,-24.448,-57.045,62.065,-114.091,-48.896,124.131,-60.62499999999999,-28.027,66.79
-2.5,-2.3,84.917,80.065,-116.701,-28.341,-62.349,68.49,-121.009,-44.946,129.099,-64.43299999999999,-27.229999999999997,69.951
-2.5,-2.0999999999999996,92.488,81.918,-123.538,-33.048,-68.299,75.878,-127.555,-40.089,133.714,-68.11500000000001,-26.47,73.077
-2.5,-1.8999999999999995,100.654,83.399,-130.706,-38.787,-74.988,84.426,-133.468,-34.32,137.815,-71.601,-25.909,76.144
-2.5,-1.6999999999999993,109.437,84.423,-138.204,-45.802,-82.443,94.321,-138.58,-27.716,141.312,-74.94500000000002,-25.735999999999997,79.241
-2.5,-1.4999999999999991,118.775,84.839,-145.957,-54.503,-90.838,105.917,-142.496,-20.357,143.962,-78.224,-26.355999999999995,82.545
-2.5,-1.299999999999999,128.651,84.542,-153.94,-65.198,-99.97,119.355,-145.314,-12.455,145.853,-81.86099999999998,-27.882999999999996,86.479
-2.5,-1.0999999999999988,138.935,83.361,-162.038,-78.518,-109.925,135.103,-146.813,-4.195,146.855,-86.39599999999999,-30.758999999999993,91.708
-2.5,-0.8999999999999986,149.668,81.248,-170.279,-95.137,-120.507,153.551,-146.813,4.195,146.855,-92.28199999999998,-35.064,98.719
-2.5,-0.6999999999999984,160.416,77.916,-178.337,-115.872,-131.322,175.122,-145.314,12.455,145.853,-100.77,-40.95100000000001,108.773
-2.5,-0.4999999999999982,171.136,73.344,-186.196,-141.485,-141.485,200.06,-142.496,20.357,143.962,-112.84500000000003,-47.78400000000002,122.545
-2.5,-0.29999999999999805,181.513,67.419,-193.649,-172.605,-149.591,228.413,-138.58,27.716,141.312,-129.672,-54.45600000000001,140.642
-2.5,-0.09999999999999787,191.332,60.133,-200.571,-209.795,-153.85,260.146,-133.468,34.32,137.815,-151.93099999999998,-59.396999999999984,163.129
-2.5,0.10000000000000231,200.202,51.48,-206.722,-252.327,-151.396,294.214,-127.555,40.089,133.714,-179.68,-59.827,189.378
-2.5,0.3000000000000025,207.87,41.574,-211.968,-297.81,-138.978,328.584,-121.009,44.946,129.099,-210.949,-52.45800000000001,217.374
-2.5,0.5000000000000027,213.745,30.535,-215.943,-341.616,-113.872,360.063,-114.091,48.896,124.131,-241.962,-34.441,244.401
-2.5,0.7000000000000028,217.97,18.683,-218.78,-376.929,-75.386,384.468,-106.944,51.944,118.891,-265.90299999999996,-4.758999999999993,265.946
-2.5,0.900000000000003,220.219,6.292,-220.282,-397.61,-26.507,398.405,-99.778,54.165,113.519,-277.16900000000004,33.949999999999996,279.241
-2.5,1.1000000000000032,220.219,-6.292,-220.282,-397.61,26.507,398.405,-92.624,55.574,108.026,-270.015,75.789,280.45
-2.5,1.3000000000000034,217.97,-18.683,-218.78,-376.929,75.386,384.468,-85.767,56.361,102.626,-244.72599999999997,113.064,269.582
-2.5,1.5000000000000036,213.745,-30.535,-215.943,-341.616,113.872,360.063,-79.183,56.559,97.305,-207.05399999999997,139.89600000000002,249.884
-2.5,1.7000000000000037,207.87,-41.574,-211.968,-297.81,138.978,328.584,-72.958,56.282,92.136,-162.898,153.686,223.953
-2.5,1.900000000000004,200.202,-51.48,-206.722,-252.327,151.396,294.214,-67.103,55.599,87.137,-119.228,155.515,195.96
-2.5,2.100000000000004,191.332,-60.133,-200.571,-209.795,153.85,260.146,-61.659,54.612,82.359,-80.12199999999999,148.32899999999998,168.585
-2.5,2.3000000000000043,181.513,-67.419,-193.649,-172.605,149.591,228.413,-56.612,53.377,77.8,-47.703999999999986,135.549,143.698
-2.3,-2.5,80.065,84.917,-116.701,-22.473,-60.504,64.55,-124.699,-56.681,136.98,-67.107,-32.267999999999994,74.462
-2.3,-2.3,87.652,87.652,-123.962,-26.218,-66.554,71.535,-133.108,-52.436,143.071,-71.674,-31.338,78.226
-2.3,-2.0999999999999996,95.975,90.158,-131.689,-30.789,-73.419,79.625,-141.066,-47.022,148.718,-75.88000000000001,-30.282999999999994,81.7
-2.3,-1.8999999999999995,105.098,92.359,-139.908,-36.452,-81.317,89.112,-148.364,-40.463,153.804,-79.718,-29.421,84.974
-2.3,-1.6999999999999993,114.928,94.032,-148.501,-43.464,-90.271,100.2,-154.788,-32.834,158.212,-83.32400000000001,-29.073000000000008,88.25
-2.3,-1.4999999999999991,125.567,95.127,-157.53,-52.283,-100.545,113.334,-159.708,-24.198,161.547,-86.424,-29.616000000000007,91.358
-2.3,-1.299999999999999,136.947,95.448,-166.909,-63.444,-112.246,128.937,-163.203,-14.837,163.896,-89.7,-31.635,95.115
-2.3,-1.0999999999999988,148.827,94.708,-176.427,-77.642,-125.421,147.519,-164.989,-5.0,165.089,-93.804,-35.71300000000001,100.372
-2.3,-0.8999999999999986,161.357,92.902,-186.196,-95.911,-140.178,169.837,-164.989,5.0,165.089,-99.543,-42.275999999999996,108.148
-2.3,-0.6999999999999984,174.202,89.741,-195.951,-119.384,-156.117,196.524,-163.203,14.837,163.896,-108.385,-51.53899999999999,120.015
-2.3,-0.4999999999999982,187.048,85.022,-205.47,-149.591,-172.605,228.413,-159.708,24.198,161.547,-122.251,-63.384999999999984,137.706
-2.3,-0.29999999999999805,199.661,78.654,-214.606,-188.43,-188.43,266.411,-154.788,32.834,158.212,-143.55700000000002,-76.94200000000001,162.876
-2.3,-0.09999999999999787,211.599,70.533,-223.077,-236.887,-200.443,310.322,-148.364,40.463,153.804,-173.65200000000002,-89.44700000000003,195.335
-2.3,0.10000000000000231,222.545,60.694,-230.705,-296.067,-204.97,360.063,-141.066,47.022,148.718,-214.58800000000002,-97.25400000000002,235.598
-2.3,0.3000000000000025,232.182,49.251,-237.318,-363.854,-195.921,413.114,-133.108,52.436,143.071,-264.78,-94.23399999999998,281.049
-2.3,0.5000000000000027,239.562,36.297,-242.321,-432.845,-166.479,463.81,-124.699,56.681,136.98,-317.982,-73.50100000000002,326.366
-2.3,0.7000000000000028,244.805,22.255,-245.844,-492.854,-113.736,505.744,-116.135,59.827,130.634,-364.18399999999997,-31.65400000000001,365.557
-2.3,0.900000000000003,247.484,7.5,-247.634,-527.659,-40.589,529.282,-107.571,61.935,124.131,-387.746,28.846000000000004,388.818
-2.3,1.1000000000000032,247.484,-7.5,-247.634,-527.659,40.589,529.282,-99.218,63.139,117.618,-379.393,96.22800000000001,391.406
-2.3,1.3000000000000034,244.805,-22.255,-245.844,-492.854,113.736,505.744,-91.298,63.632,111.273,-339.347,155.113,373.117
-2.3,1.5000000000000036,239.562,-36.297,-242.321,-432.845,166.479,463.81,-83.712,63.418,105.02,-276.995,193.60000000000002,337.946
-2.3,1.7000000000000037,232.182,-49.251,-237.318,-363.854,195.921,413.114,-76.619,62.688,99.001,-208.291,209.358,295.323
-2.3,1.900000000000004,222.545,-60.694,-230.705,-296.067,204.97,360.063,-70.065,61.573,93.272,-143.58700000000002,205.84900000000002,250.98
-2.3,2.100000000000004,211.599,-70.533,-223.077,-236.887,200.443,310.322,-63.983,60.106,87.793,-89.27100000000002,190.01600000000002,209.941
-2.3,2.3000000000000043,199.661,-78.654,-214.606,-188.43,188.43,266.411,-58.435,58.435,82.641,-47.20400000000001,168.211,174.709
-2.0999999999999996,-2.5,81.918,92.488,-123.538,-20.044,-63.777,66.857,-136.598,-66.096,151.756,-74.724,-37.385000000000005,83.554
-2.0999999999999996,-2.3,90.158,95.975,-131.689,-23.511,-70.533,74.359,-146.839,-61.578,159.249,-80.192,-36.13600000000001,87.958
-2.0999999999999996,-2.0999999999999996,99.338,99.338,-140.483,-27.826,-78.417,83.198,-156.835,-55.651,166.397,-85.32300000000001,-34.73000000000001,92.121
-2.0999999999999996,-1.8999999999999995,109.419,102.36,-149.833,-33.167,-87.441,93.532,-165.895,-48.163,172.745,-89.64300000000001,-33.244,95.609
-2.0999999999999996,-1.6999999999999993,120.471,104.926,-159.76,-39.969,-98.105,105.917,-173.849,-39.256,178.223,-93.34699999999998,-32.435,98.822
-2.0999999999999996,-1.4999999999999991,132.563,106.905,-170.279,-48.604,-110.463,120.67,-180.238,-29.071,182.563,-96.27900000000001,-32.62899999999999,101.658
-2.0999999999999996,-1.299999999999999,145.534,107.977,-181.213,-59.706,-124.839,138.408,-184.79,-17.883,185.624,-98.962,-34.74499999999999,104.884
-2.0999999999999996,-1.0999999999999988,159.484,108.038,-192.616,-74.275,-141.797,160.096,-186.943,-6.03,187.063,-101.73400000000001,-39.789,109.238
-2.0999999999999996,-0.8999999999999986,174.122,106.72,-204.228,-93.612,-161.693,186.799,-186.943,6.03,187.063,-106.43299999999999,-48.94300000000001,117.147
-2.0999999999999996,-0.6999999999999984,189.317,103.819,-215.943,-119.223,-184.254,219.479,-184.79,17.883,185.624,-114.69599999999998,-62.55199999999999,130.644
-2.0999999999999996,-0.4999999999999982,204.897,99.144,-227.634,-153.85,-209.795,260.146,-180.238,29.071,182.563,-129.191,-81.57999999999998,152.793
-2.0999999999999996,-0.29999999999999805,220.258,92.366,-238.874,-200.443,-236.887,310.322,-173.849,39.256,178.223,-154.034,-105.26500000000001,186.567
-2.0999999999999996,-0.09999999999999787,235.252,83.477,-249.595,-262.789,-262.789,371.726,-165.895,48.163,172.745,-193.432,-131.149,233.701
-2.0999999999999996,0.10000000000000231,248.843,72.245,-259.117,-345.027,-282.295,445.712,-156.835,55.651,166.397,-253.019,-154.399,296.408
-2.0999999999999996,0.3000000000000025,260.774,58.884,-267.335,-446.48,-284.124,529.282,-146.839,61.578,159.249,-332.545,-163.662,370.637
-2.0999999999999996,0.5000000000000027,270.356,43.606,-273.845,-561.609,-255.277,616.749,-136.598,66.096,151.756,-427.85100000000006,-145.575,451.939
-2.0999999999999996,0.7000000000000028,277.185,26.824,-278.437,-668.222,-182.242,692.521,-126.211,69.213,143.962,-517.2479999999999,-86.20499999999998,524.382
-2.0999999999999996,0.900000000000003,280.414,9.046,-280.595,-733.75,-66.705,737.086,-116.081,71.147,136.152,-569.417,13.488000000000007,569.577
-2.0999999999999996,1.1000000000000032,280.414,-9.046,-280.595,-733.75,66.705,737.086,-106.323,72.025,128.411,-559.659,129.684,574.488
-2.0999999999999996,1.3000000000000034,277.185,-26.824,-278.437,-668.222,182.242,692.521,-97.022,71.984,120.809,-488.05899999999997,227.402,538.436
-2.0999999999999996,1.5000000000000036,270.356,-43.606,-273.845,-561.609,255.277,616.749,-88.375,71.27,113.519,-379.62800000000004,282.941,473.469
-2.0999999999999996,1.7000000000000037,260.774,-58.884,-267.335,-446.48,284.124,529.282,-80.314,69.951,106.507,-266.02,295.19100000000003,397.372
-2.0999999999999996,1.900000000000004,248.843,-72.245,-259.117,-345.027,282.295,445.712,-72.946,68.24,99.889,-169.13,278.29,325.654
-2.0999999999999996,2.100000000000004,235.252,-83.477,-249.595,-262.789,262.789,371.726,-66.225,66.225,93.655,-93.76199999999997,245.53699999999998,262.83
-2.0999999999999996,2.3000000000000043,220.258,-92.366,-238.874,-200.443,236.887,310.322,-60.106,63.983,87.793,-40.291000000000004,208.50400000000002,212.361
-1.8999999999999995,-2.5,83.399,100.654,-130.706,-17.16,-66.734,68.907,-149.976,-77.574,168.852,-83.737,-43.653999999999996,94.433
-1.8999999999999995,-2.3,92.359,105.098,-139.908,-20.231,-74.182,76.902,-162.633,-72.904,178.223,-90.50500000000002,-41.988,99.77
-1.8999999999999995,-2.0999999999999996,102.36,109.419,-149.833,-24.082,-82.948,86.372,-174.882,-66.335,187.063,-96.60400000000001,-39.86399999999999,104.506
-1.8999999999999995,-1.8999999999999995,113.525,113.525,-160.54,-28.945,-93.269,97.643,-186.537,-57.891,195.285,-101.957,-37.635,108.681
-1.8999999999999995,-1.6999999999999993,125.898,117.215,-172.003,-35.138,-105.415,111.115,-196.658,-47.469,202.286,-105.898,-35.669000000000004,111.744
-1.8999999999999995,-1.4999999999999991,139.478,120.24,-184.159,-43.183,-119.952,127.485,-204.786,-35.308,207.822,-108.49099999999999,-35.02,114.003
-1.8999999999999995,-1.299999999999999,154.456,122.5,-197.118,-53.752,-137.366,147.519,-210.744,-21.801,211.834,-110.04000000000002,-36.667000000000016,115.988
-1.8999999999999995,-1.0999999999999988,170.51,123.472,-210.55,-67.893,-158.418,172.373,-213.589,-7.365,213.736,-110.97200000000001,-42.311000000000014,118.764
-1.8999999999999995,-0.8999999999999986,187.889,123.099,-224.624,-87.214,-184.119,203.693,-213.589,7.365,213.736,-112.91399999999999,-53.654999999999994,125.014
-1.8999999999999995,-0.6999999999999984,206.048,120.787,-238.874,-113.729,-214.821,243.127,-210.744,21.801,211.834,-118.425,-72.23299999999999,138.716
-1.8999999999999995,-0.4999999999999982,224.964,116.36,-253.278,-151.396,-252.327,294.214,-204.786,35.308,207.822,-131.218,-100.65899999999999,165.38
-1.8999999999999995,-0.29999999999999805,243.95,109.357,-267.335,-204.97,-296.067,360.063,-196.658,47.469,202.286,-157.678,-139.241,210.358
-1.8999999999999995,-0.09999999999999787,262.323,99.502,-280.595,-282.295,-345.027,445.712,-186.537,57.891,195.285,-206.50900000000004,-187.634,279.021
-1.8999999999999995,0.10000000000000231,279.806,86.836,-292.928,-392.645,-392.645,555.374,-174.882,66.335,187.063,-287.721,-239.474,374.341
-1.8999999999999995,0.3000000000000025,294.986,71.204,-303.429,-546.727,-425.232,692.521,-162.633,72.904,178.223,-414.374,-281.124,500.736
-1.8999999999999995,0.5000000000000027,307.179,52.962,-311.733,-741.265,-411.814,848.336,-149.976,77.574,168.852,-584.062,-281.278,648.264
-1.8999999999999995,0.7000000000000028,316.116,32.702,-317.751,-947.734,-315.911,999.333,-137.365,80.525,159.249,-768.9830000000001,-202.684,795.246
-1.8999999999999995,0.900000000000003,320.383,11.048,-320.604,-1089.182,-121.02,1096.443,-125.259,82.066,149.749,-894.058,-27.90599999999999,894.493
-1.8999999999999995,1.1000000000000032,320.383,-11.048,-320.604,-1089.182,121.02,1096.443,-113.673,82.315,140.367,-882.472,192.28699999999998,903.178
-1.8999999999999995,1.3000000000000034,316.116,-32.702,-317.751,-947.734,315.911,999.333,-102.971,81.666,131.412,-734.589,364.875,820.216
-1.8999999999999995,1.5000000000000036,307.179,-52.962,-311.733,-741.265,411.814,848.336,-92.985,80.16,122.773,-527.071,439.01200000000006,685.956
-1.8999999999999995,1.7000000000000037,294.986,-71.204,-303.429,-546.727,425.232,692.521,-83.932,78.143,114.668,-335.673,432.17100000000005,547.219
-1.8999999999999995,1.900000000000004,279.806,-86.836,-292.928,-392.645,392.645,555.374,-75.683,75.683,107.027,-188.522,381.49199999999996,425.531
-1.8999999999999995,2.100000000000004,262.323,-99.502,-280.595,-282.295,345.027,445.712,-68.24,72.946,99.889,-88.21200000000003,318.471,330.462
-1.8999999999999995,2.3000000000000043,243.95,-109.357,-267.335,-204.97,296.067,360.063,-61.573,70.065,93.272,-22.59300000000001,256.775,257.767
-1.6999999999999993,-2.5,84.423,109.437,-138.204,-13.858,-69.29,70.656,-164.886,-91.603,188.641,-94.321,-51.456,107.444
-1.6999999999999993,-2.3,94.032,114.928,-148.501,-16.417,-77.394,79.106,-180.541,-86.927,200.401,-102.926,-49.393000000000015,114.164
-1.6999999999999993,-2.0999999999999996,104.926,120.471,-159.76,-19.628,-86.925,89.112,-196.21,-79.937,211.834,-110.912,-46.39099999999999,120.223
-1.6999999999999993,-1.8999999999999995,117.215,125.898,-172.003,-23.735,-98.329,101.143,-210.83,-70.277,222.23,-117.35000000000001,-42.708,124.88
-1.6999999999999993,-1.6999999999999993,130.984,130.984,-185.222,-29.04,-112.011,115.703,-224.022,-58.08,231.406,-122.07799999999997,-39.106999999999985,128.189
-1.6999999999999993,-1.4999999999999991,146.28,135.444,-199.374,-36.01,-128.608,133.547,-234.712,-43.465,238.71,-124.44199999999998,-36.62900000000002,129.721
-1.6999999999999993,-1.299999999999999,163.359,139.158,-214.606,-45.346,-148.993,155.73,-242.308,-26.923,243.833,-124.29499999999999,-36.75800000000001,129.616
-1.6999999999999993,-1.0999999999999988,182.083,141.62,-230.705,-58.051,-174.152,183.606,-246.366,-9.125,246.548,-122.33400000000002,-41.65699999999998,129.232
-1.6999999999999993,-0.8999999999999986,202.487,142.491,-247.634,-75.869,-205.931,219.479,-246.366,9.125,246.548,-119.74800000000002,-54.315,131.49
-1.6999999999999993,-0.6999999999999984,224.361,141.264,-265.161,-101.462,-246.408,266.411,-242.308,26.923,243.833,-119.409,-78.22099999999998,142.748
-1.6999999999999993,-0.4999999999999982,247.328,137.405,-282.962,-138.978,-297.81,328.584,-234.712,43.465,238.71,-126.362,-116.94,172.169
-1.6999999999999993,-0.29999999999999805,270.812,130.391,-300.601,-195.921,-363.854,413.114,-224.022,58.08,231.406,-149.13099999999997,-175.38299999999998,230.216
-1.6999999999999993,-0.09999999999999787,294.315,119.906,-317.751,-284.124,-446.48,529.282,-210.83,70.277,222.23,-200.63900000000004,-256.297,325.491
-1.6999999999999993,0.10000000000000231,316.244,105.415,-333.345,-425.232,-546.727,692.521,-196.21,79.937,211.834,-305.198,-361.37499999999994,473.009
-1.6999999999999993,0.3000000000000025,336.033,87.12,-347.11,-649.284,-649.284,918.274,-180.541,86.927,200.401,-493.792,-475.23699999999997,685.333
-1.6999999999999993,0.5000000000000027,352.067,65.198,-358.066,-990.479,-707.485,1216.874,-164.886,91.603,188.641,-803.298,-550.6840000000001,973.93
-1.6999999999999993,0.7000000000000028,363.462,40.385,-365.75,-1423.887,-610.237,1550.003,-149.574,94.176,176.774,-1209.999,-475.676,1300.14
-1.6999999999999993,0.900000000000003,369.549,13.687,-369.822,-1782.717,-254.674,1800.544,-134.991,94.994,165.089,-1548.159,-145.993,1555.027
-1.6999999999999993,1.1000000000000032,369.549,-13.687,-369.822,-1782.717,254.674,1800.544,-121.388,94.413,153.804,-1534.556,335.4,1570.782
-1.6999999999999993,1.3000000000000034,363.462,-40.385,-365.75,-1423.887,610.237,1550.003,-108.906,92.772,143.071,-1169.331,662.624,1344.026
-1.6999999999999993,1.5000000000000036,352.067,-65.198,-358.066,-990.479,707.485,1216.874,-97.52,90.296,132.916,-735.932,732.5830000000001,1038.4
-1.6999999999999993,1.7000000000000037,336.033,-87.12,-347.11,-649.284,649.284,918.274,-87.323,87.323,123.481,-400.57399999999996,649.487,763.081
-1.6999999999999993,1.900000000000004,316.244,-105.415,-333.345,-425.232,546.727,692.521,-78.143,83.932,114.668,-187.131,525.2439999999999,557.583
-1.6999999999999993,2.100000000000004,294.315,-119.906,-317.751,-284.124,446.48,529.282,-69.951,80.314,106.507,-59.76000000000002,406.88800000000003,411.253
-1.6999999999999993,2.3000000000000043,270.812,-130.391,-300.601,-195.921,363.854,413.114,-62.688,76.619,99.001,12.203000000000017,310.082,310.322
-1.4999999999999991,-2.5,84.839,118.775,-145.957,-10.178,-71.248,71.981,-181.676,-109.005,211.834,-107.01499999999999,-61.477999999999994,123.417
-1.4999999999999991,-2.3,95.127,125.567,-157.53,-12.099,-79.854,80.774,-201.09,-104.567,226.668,-118.06200000000001,-58.854,131.918
-1.4999999999999991,-2.0999999999999996,106.905,132.563,-170.279,-14.535,-90.119,91.282,-220.926,-97.208,241.34,-128.55599999999998,-54.76400000000001,139.735
-1.4999999999999991,-1.8999999999999995,120.24,139.478,-184.159,-17.654,-102.393,103.911,-239.904,-86.366,254.97,-137.31799999999998,-49.28099999999999,145.893
-1.4999999999999991,-1.6999999999999993,135.444,146.28,-199.374,-21.733,-117.356,119.355,-257.216,-72.021,267.093,-143.50500000000002,-43.096999999999994,149.837
-1.4999999999999991,-1.4999999999999991,152.675,152.675,-215.943,-27.139,-135.694,138.408,-271.389,-54.278,276.817,-145.853,-37.296999999999976,150.546
-1.4999999999999991,-1.299999999999999,172.194,158.418,-233.977,-34.498,-158.691,162.416,-281.868,-33.824,283.897,-144.172,-34.096999999999994,148.149
-1.4999999999999991,-1.0999999999999988,193.934,162.905,-253.278,-44.715,-187.804,193.08,-287.31,-11.492,287.54,-138.091,-36.391000000000005,142.806
-1.4999999999999991,-0.8999999999999986,218.029,165.702,-273.845,-59.31,-225.376,233.087,-287.31,11.492,287.54,-128.591,-48.182,137.321
-1.4999999999999991,-0.6999999999999984,244.337,166.149,-295.452,-80.876,-274.979,286.626,-281.868,33.824,283.897,-118.40700000000001,-75.00599999999999,140.165
-1.4999999999999991,-0.4999999999999982,272.514,163.508,-317.751,-113.872,-341.616,360.063,-271.389,54.278,276.817,-112.74700000000001,-123.82999999999998,167.469
-1.4999999999999991,-0.29999999999999805,301.634,156.85,-340.002,-166.479,-432.845,463.81,-257.216,72.021,267.093,-122.061,-203.974,237.706
-1.4999999999999991,-0.09999999999999787,331.389,145.811,-362.01,-255.277,-561.609,616.749,-239.904,86.366,254.97,-163.79199999999997,-329.432,367.904
-1.4999999999999991,0.10000000000000231,359.856,129.548,-382.455,-411.814,-741.265,848.336,-220.926,97.208,241.34,-272.884,-514.509,582.396
-1.4999999999999991,0.3000000000000025,385.824,108.031,-400.64,-707.485,-990.479,1216.874,-201.09,104.567,226.668,-522.751,-777.8810000000001,937.213
-1.4999999999999991,0.5000000000000027,407.083,81.417,-415.225,-1273.369,-1273.369,1800.544,-181.676,109.005,211.834,-1047.9619999999998,-1082.9470000000001,1506.983
-1.4999999999999991,0.7000000000000028,422.802,50.736,-425.846,-2270.946,-1362.568,2647.923,-162.891,110.766,196.968,-2011.0349999999999,-1201.0659999999998,2342.396
-1.4999999999999991,0.900000000000003,430.965,17.239,-431.31,-3392.36,-678.472,3460.208,-145.353,110.468,182.563,-3106.748,-550.765,3155.19
-1.4999999999999991,1.1000000000000032,430.965,-17.239,-431.31,-3392.36,678.472,3460.208,-129.289,108.603,168.852,-3090.684,769.8359999999999,3185.118
-1.4999999999999991,1.3000000000000034,422.802,-50.736,-425.846,-2270.946,1362.568,2647.923,-114.796,105.612,155.984,-1962.9399999999998,1417.444,2421.215
-1.4999999999999991,1.5000000000000036,407.083,-81.417,-415.225,-1273.369,1273.369,1800.544,-101.783,101.783,143.962,-968.0689999999998,1293.735,1615.83
-1.4999999999999991,1.7000000000000037,385.824,-108.031,-400.64,-707.485,990.479,1216.874,-90.296,97.52,132.916,-411.957,979.9680000000001,1063.036
-1.4999999999999991,1.900000000000004,359.856,-129.548,-382.455,-411.814,741.265,848.336,-80.16,92.985,122.773,-132.11800000000002,704.702,716.98
-1.4999999999999991,2.100000000000004,331.389,-145.811,-362.01,-255.277,561.609,616.749,-71.27,88.375,113.519,4.842000000000027,504.173,504.196
-1.4999999999999991,2.3000000000000043,301.634,-156.85,-340.002,-166.479,432.845,463.81,-63.418,83.712,105.02,71.737,359.707,366.791
-1.299999999999999,-2.5,84.542,128.651,-153.94,-6.228,-72.657,72.927,-199.94,-130.395,238.71,-121.62599999999999,-74.401,142.578
-1.299999999999999,-2.3,95.448,136.947,-166.909,-7.418,-81.602,81.948,-224.493,-126.887,257.874,-136.46300000000002,-71.542,154.079
-1.299999999999999,-2.0999999999999996,107.977,145.534,-181.213,-8.941,-92.395,92.812,-249.678,-119.411,276.817,-150.642,-66.272,164.575
-1.299999999999999,-1.8999999999999995,122.5,154.456,-197.118,-10.901,-105.372,105.917,-274.732,-107.504,295.038,-163.13300000000004,-58.420000000000016,173.278
-1.299999999999999,-1.6999999999999993,139.158,163.359,-214.606,-13.462,-121.154,121.917,-297.987,-90.692,311.461,-172.29100000000005,-48.48699999999998,178.984
-1.299999999999999,-1.4999999999999991,158.418,172.194,-233.977,-16.912,-140.934,141.949,-317.381,-68.996,324.833,-175.87499999999997,-37.736000000000004,179.878
-1.299999999999999,-1.299999999999999,180.401,180.401,-255.15,-21.65,-165.985,167.356,-331.969,-43.3,334.712,-173.218,-28.884,175.61
-1.299999999999999,-1.0999999999999988,205.653,187.77,-278.437,-28.297,-198.08,200.06,-339.379,-14.756,339.674,-162.02300000000002,-25.066000000000003,163.95
-1.299999999999999,-0.8999999999999986,233.955,193.267,-303.429,-37.91,-240.094,243.127,-339.379,14.756,339.674,-143.334,-32.071,146.878
-1.299999999999999,-0.6999999999999984,265.457,196.207,-330.089,-52.51,-297.556,302.107,-331.969,43.3,334.712,-119.02199999999999,-58.04899999999999,132.423
-1.299999999999999,-0.4999999999999982,299.909,195.593,-358.066,-75.386,-376.929,384.468,-317.381,68.996,324.833,-92.85799999999998,-112.33999999999999,145.749
-1.299999999999999,-0.29999999999999805,336.739,190.331,-386.81,-113.736,-492.854,505.744,-297.987,90.692,311.461,-74.98400000000004,-211.83100000000002,224.711
-1.299999999999999,-0.09999999999999787,374.517,179.117,-415.225,-182.242,-668.222,692.521,-274.732,107.504,295.038,-82.45700000000002,-381.601,390.408
-1.299999999999999,0.10000000000000231,412.098,161.256,-442.558,-315.911,-947.734,999.333,-249.678,119.411,276.817,-153.49099999999999,-667.067,684.498
-1.299999999999999,0.3000000000000025,446.98,136.037,-467.191,-610.237,-1423.887,1550.003,-224.493,126.887,257.874,-387.74999999999994,-1160.963,1224.004
-1.299999999999999,0.5000000000000027,476.072,103.494,-487.249,-1362.568,-2270.946,2647.923,-199.94,130.395,238.71,-1086.436,-2037.0569999999998,2308.667
-1.299999999999999,0.7000000000000028,497.954,64.951,-502.068,-3542.144,-3542.144,5006.23,-176.971,130.805,220.06,-3221.1609999999996,-3346.388,4644.803
-1.299999999999999,0.900000000000003,509.068,22.133,-509.51,-8556.625,-2852.208,9012.979,-155.97,128.845,202.286,-8203.527,-2701.2300000000005,8636.811
-1.299999999999999,1.1000000000000032,509.068,-22.133,-509.51,-8556.625,2852.208,9012.979,-137.102,125.18,185.624,-8184.659,2955.255,8701.849
-1.299999999999999,1.3000000000000034,497.954,-64.951,-502.068,-3542.144,3542.144,5006.23,-120.267,120.267,170.1,-3164.4569999999994,3597.4599999999996,4791.191
-1.299999999999999,1.5000000000000036,476.072,-103.494,-487.249,-1362.568,2270.946,2647.923,-105.612,114.796,155.984,-992.108,2282.2479999999996,2488.561
-1.299999999999999,1.7000000000000037,446.98,-136.037,-467.191,-610.237,1423.887,1550.003,-92.772,108.906,143.071,-256.02899999999994,1396.7559999999999,1420.028
-1.299999999999999,1.900000000000004,412.098,-161.256,-442.558,-315.911,947.734,999.333,-81.666,102.971,131.412,14.521000000000015,889.4490000000001,889.568
-1.299999999999999,2.100000000000004,374.517,-179.117,-415.225,-182.242,668.222,692.521,-71.984,97.022,120.809,120.29100000000001,586.1270000000001,598.343
-1.299999999999999,2.3000000000000043,336.739,-190.331,-386.81,-113.736,492.854,505.744,-63.632,91.298,111.273,159.37099999999998,393.821,424.846
-1.0999999999999988,-2.5,83.361,138.935,-162.038,-2.097,-73.406,73.427,-219.851,-157.036,270.207,-138.587,-91.507,166.072
-1.0999999999999988,-2.3,94.708,148.827,-176.427,-2.5,-82.495,82.545,-250.842,-155.283,295.038,-158.63400000000001,-88.951,181.871
-1.0999999999999988,-2.0999999999999996,108.038,159.484,-192.616,-3.015,-93.471,93.532,-283.594,-148.549,320.191,-178.571,-82.536,196.723
-1.0999999999999988,-1.8999999999999995,123.472,170.51,-210.55,-3.683,-106.794,106.868,-316.835,-135.786,344.747,-197.046,-72.07000000000001,209.812
-1.0999999999999988,-1.6999999999999993,141.62,182.083,-230.705,-4.562,-123.183,123.274,-348.304,-116.101,367.212,-211.24599999999998,-57.20100000000001,218.853
-1.0999999999999988,-1.4999999999999991,162.905,193.934,-253.278,-5.746,-143.655,143.77,-375.607,-89.43,386.16,-218.44800000000004,-39.15100000000001,221.929
-1.0999999999999988,-1.299999999999999,187.77,205.653,-278.437,-7.378,-169.689,169.837,-396.159,-56.594,400.121,-215.767,-20.630000000000003,216.751
-1.0999999999999988,-1.0999999999999988,216.428,216.428,-306.091,-9.69,-203.5,203.693,-406.999,-19.381,407.387,-200.26100000000002,-6.453000000000003,200.365
-1.0999999999999988,-0.8999999999999986,249.634,225.859,-336.649,-13.059,-248.13,248.522,-406.999,19.381,407.387,-170.42400000000004,-2.8899999999999864,170.449
-1.0999999999999988,-0.6999999999999984,287.427,232.679,-369.822,-18.222,-309.776,310.322,-396.159,56.594,400.121,-126.95399999999995,-20.503000000000007,128.599
-1.0999999999999988,-0.4999999999999982,329.776,235.554,-405.31,-26.507,-397.61,398.405,-375.607,89.43,386.16,-72.33800000000002,-72.626,102.505
-1.0999999999999988,-0.29999999999999805,376.264,232.925,-442.558,-40.589,-527.659,529.282,-348.304,116.101,367.212,-12.628999999999962,-178.63299999999998,179.079
-1.0999999999999988,-0.09999999999999787,425.391,222.824,-480.287,-66.705,-733.75,737.086,-316.835,135.786,344.747,41.851000000000056,-375.14,377.467
-1.0999999999999988,0.10000000000000231,475.253,203.68,-517.12,-121.02,-1089.182,1096.443,-283.594,148.549,320.191,70.63900000000001,-736.953,740.331
-1.0999999999999988,0.3000000000000025,522.457,174.152,-550.819,-254.674,-1782.717,1800.544,-250.842,155.283,295.038,16.941000000000003,-1453.2820000000002,1453.381
-1.0999999999999988,0.5000000000000027,563.411,134.145,-579.24,-678.472,-3392.36,3460.208,-219.851,157.036,270.207,-334.91200000000003,-3101.179,3119.211
-1.0999999999999988,0.7000000000000028,594.239,84.891,-600.181,-2852.208,-8556.625,9012.979,-191.618,155.119,246.548,-2449.587,-8316.615,8669.865
-1.0999999999999988,0.900000000000003,610.499,29.071,-611.08,-32105.924,-32105.924,45269.353,-166.423,150.573,224.433,-31661.847999999998,-31926.28,44963.985
-1.0999999999999988,1.1000000000000032,610.499,-29.071,-611.08,-32105.924,32105.924,45269.353,-144.285,144.285,204.061,-31639.71,32221.138,45158.31
-1.0999999999999988,1.3000000000000034,594.239,-84.891,-600.181,-2852.208,8556.625,9012.979,-125.18,137.102,185.624,-2383.149,8608.836000000001,8932.606
-1.0999999999999988,1.5000000000000036,563.411,-134.145,-579.24,-678.472,3392.36,3460.208,-108.603,129.289,168.852,-223.66400000000004,3387.504,3394.88
-1.0999999999999988,1.7000000000000037,522.457,-174.152,-550.819,-254.674,1782.717,1800.544,-94.413,121.388,153.804,173.37,1729.953,1738.619
-1.0999999999999988,1.900000000000004,475.253,-203.68,-517.12,-121.02,1089.182,1096.443,-82.315,113.673,140.367,271.918,999.175,1035.514
-1.0999999999999988,2.100000000000004,425.391,-222.824,-480.287,-66.705,733.75,737.086,-72.025,106.323,128.411,286.66100000000006,617.249,680.567
-1.0999999999999988,2.3000000000000043,376.264,-232.925,-442.558,-40.589,527.659,529.282,-63.139,99.218,117.618,272.536,393.952,479.034
-0.8999999999999986,-2.5,81.248,149.668,-170.279,2.097,-73.406,73.427,-241.014,-190.274,307.102,-157.669,-114.012,194.572
-0.8999999999999986,-2.3,92.902,161.357,-186.196,2.5,-82.495,82.545,-280.356,-191.823,339.674,-184.954,-112.96100000000001,216.721
-0.8999999999999986,-2.0999999999999996,106.72,174.122,-204.228,3.015,-93.471,93.532,-323.387,-187.224,373.597,-213.652,-106.57299999999998,238.757
-0.8999999999999986,-1.8999999999999995,123.099,187.889,-224.624,3.683,-106.794,106.868,-368.237,-174.428,407.387,-241.455,-93.33299999999998,258.866
-0.8999999999999986,-1.6999999999999993,142.491,202.487,-247.634,4.562,-123.183,123.274,-411.861,-151.738,438.957,-264.808,-72.43400000000001,274.536
-0.8999999999999986,-1.4999999999999991,165.702,218.029,-273.845,5.746,-143.655,143.77,-450.753,-118.619,466.173,-279.30499999999995,-44.245000000000005,282.788
-0.8999999999999986,-1.299999999999999,193.267,233.955,-303.429,7.378,-169.689,169.837,-480.188,-75.819,486.253,-279.543,-11.552999999999983,279.782
-0.8999999999999986,-1.0999999999999988,225.859,249.634,-336.649,9.69,-203.5,203.693,-496.261,-26.119,497.044,-260.712,20.014999999999986,261.479
-0.8999999999999986,-0.8999999999999986,264.432,264.432,-373.963,13.059,-248.13,248.522,-496.261,26.119,497.044,-218.76999999999998,42.42100000000002,222.845
-0.8999999999999986,-0.6999999999999984,309.383,276.817,-415.225,18.222,-309.776,310.322,-480.188,75.819,486.253,-152.58300000000003,42.86,158.488
-0.8999999999999986,-0.4999999999999982,361.521,285.411,-460.653,26.507,-397.61,398.405,-450.753,118.619,466.173,-62.724999999999966,6.4199999999999875,63.053
-0.8999999999999986,-0.29999999999999805,420.534,287.734,-509.51,40.589,-527.659,529.282,-411.861,151.738,438.957,49.262,-88.18700000000001,101.013
-0.8999999999999986,-0.09999999999999787,485.08,280.836,-560.396,66.705,-733.75,737.086,-368.237,174.428,407.387,183.54799999999994,-278.486,333.533
-0.8999999999999986,0.10000000000000231,552.356,261.642,-611.08,121.02,-1089.182,1096.443,-323.387,187.224,373.597,349.989,-640.316,729.724
-0.8999999999999986,0.3000000000000025,617.792,227.608,-658.436,254.674,-1782.717,1800.544,-280.356,191.823,339.674,592.11,-1363.286,1486.319
-0.8999999999999986,0.5000000000000027,676.129,177.929,-699.26,678.472,-3392.36,3460.208,-241.014,190.274,307.102,1113.587,-3024.157,3222.67
-0.8999999999999986,0.7000000000000028,720.281,113.729,-729.38,2852.208,-8556.625,9012.979,-206.256,184.544,276.817,3366.233,-8258.352,8918.066
-0.8999999999999986,0.900000000000003,744.391,39.178,-745.566,32105.924,-32105.924,45269.353,-176.288,176.288,249.309,32674.027000000002,-31890.458,45657.347
-0.8999999999999986,1.1000000000000032,744.391,-39.178,-745.566,32105.924,32105.924,45269.353,-150.573,166.423,224.433,32699.742000000002,32233.168999999998,45915.687
-0.8999999999999986,1.3000000000000034,720.281,-113.729,-729.38,2852.208,8556.625,9012.979,-128.845,155.97,202.286,3443.6440000000002,8598.866,9262.785
-0.8999999999999986,1.5000000000000036,676.129,-177.929,-699.26,678.472,3392.36,3460.208,-110.468,145.353,182.563,1244.133,3359.784,3582.739
-0.8999999999999986,1.7000000000000037,617.792,-227.608,-658.436,254.674,1782.717,1800.544,-94.994,134.991,165.089,777.472,1690.1000000000001,1860.35
-0.8999999999999986,1.900000000000004,552.356,-261.642,-611.08,121.02,1089.182,1096.443,-82.066,125.259,149.749,591.31,952.799,1121.371
-0.8999999999999986,2.100000000000004,485.08,-280.836,-560.396,66.705,733.75,737.086,-71.147,116.081,136.152,480.638,568.995,744.828
-0.8999999999999986,2.3000000000000043,420.534,-287.734,-509.51,40.589,527.659,529.282,-61.935,107.571,124.131,399.188,347.496,529.249
-0.6999999999999984,-2.5,77.916,160.416,-178.337,6.228,-72.657,72.927,-262.644,-231.744,350.243,-178.5,-143.985,229.334
-0.6999999999999984,-2.3,89.741,174.202,-195.951,7.418,-81.602,81.948,-312.234,-238.767,393.047,-215.075,-146.167,260.042
-0.6999999999999984,-2.0999999999999996,103.819,189.317,-215.943,8.941,-92.395,92.812,-368.508,-238.446,438.957,-255.748,-141.524,292.295
-0.6999999999999984,-1.8999999999999995,120.787,206.048,-238.874,10.901,-105.372,105.917,-429.641,-227.457,486.253,-297.953,-126.78099999999999,323.805
-0.6999999999999984,-1.6999999999999993,141.264,224.361,-265.161,13.462,-121.154,121.917,-492.816,-202.924,532.821,-338.09,-99.71700000000001,352.489
-0.6999999999999984,-1.4999999999999991,166.149,244.337,-295.452,16.912,-140.934,141.949,-549.959,-161.753,573.251,-366.8979999999999,-58.349999999999994,371.509
-0.6999999999999984,-1.299999999999999,196.207,265.457,-330.089,21.65,-165.985,167.356,-595.112,-105.02,604.214,-377.255,-5.548000000000016,377.296
-0.6999999999999984,-1.0999999999999988,232.679,287.427,-369.822,28.297,-198.08,200.06,-619.552,-36.444,620.645,-358.576,52.903000000000006,362.458
-0.6999999999999984,-0.8999999999999986,276.817,309.383,-415.225,37.91,-240.094,243.127,-619.552,36.444,620.645,-304.82500000000005,105.73299999999999,322.642
-0.6999999999999984,-0.6999999999999984,330.377,330.377,-467.191,52.51,-297.556,302.107,-595.112,105.02,604.214,-212.22499999999997,137.841,253.06
-0.6999999999999984,-0.4999999999999982,393.965,347.617,-525.365,75.386,-376.929,384.468,-549.959,161.753,573.251,-80.60799999999995,132.44100000000003,155.043
-0.6999999999999984,-0.29999999999999805,468.351,358.151,-589.571,113.736,-492.854,505.744,-492.816,202.924,532.821,89.27100000000002,68.22100000000003,112.354
-0.6999999999999984,-0.09999999999999787,552.761,357.669,-658.436,182.242,-668.222,692.521,-429.641,227.457,486.253,305.3619999999999,-83.096,316.466
-0.6999999999999984,0.10000000000000231,644.462,341.186,-729.38,315.911,-947.734,999.333,-368.508,238.446,438.957,591.865,-368.102,696.996
-0.6999999999999984,0.3000000000000025,739.224,304.386,-799.232,610.237,-1423.887,1550.003,-312.234,238.767,393.047,1037.227,-880.7339999999999,1360.71
-0.6999999999999984,0.5000000000000027,824.938,242.629,-859.877,1362.568,-2270.946,2647.923,-262.644,231.744,350.243,1924.8619999999999,-1796.573,2633.015
-0.6999999999999984,0.7000000000000028,892.669,157.53,-906.321,3542.144,-3542.144,5006.23,-220.251,220.251,311.461,4214.562,-3164.3629999999994,5270.268
-0.6999999999999984,0.900000000000003,929.327,54.666,-930.967,8556.625,-2852.208,9012.979,-184.544,206.256,276.817,9301.408,-2591.286,9655.618
-0.6999999999999984,1.1000000000000032,929.327,-54.666,-930.967,8556.625,2852.208,9012.979,-155.119,191.618,246.548,9330.832999999999,2989.16,9797.935
-0.6999999999999984,1.3000000000000034,892.669,-157.53,-906.321,3542.144,3542.144,5006.23,-130.805,176.971,220.06,4304.008,3561.5849999999996,5586.535
-0.6999999999999984,1.5000000000000036,824.938,-242.629,-859.877,1362.568,2270.946,2647.923,-110.766,162.891,196.968,2076.74,2191.208,3018.98
-0.6999999999999984,1.7000000000000037,739.224,-304.386,-799.232,610.237,1423.887,1550.003,-94.176,149.574,176.774,1255.285,1269.075,1785.019
-0.6999999999999984,1.900000000000004,644.462,-341.186,-729.38,315.911,947.734,999.333,-80.525,137.365,159.249,879.8480000000001,743.913,1152.189
-0.6999999999999984,2.100000000000004,552.761,-357.669,-658.436,182.242,668.222,692.521,-69.213,126.211,143.962,665.79,436.764,796.266
-0.6999999999999984,2.3000000000000043,468.351,-358.151,-589.571,113.736,492.854,505.744,-59.827,116.135,130.634,522.26,250.83799999999997,579.375
-0.4999999999999982,-2.5,73.344,171.136,-186.196,10.178,-71.248,71.981,-282.971,-282.971,400.121,-199.449,-183.08300000000003,270.738
-0.4999999999999982,-2.3,85.022,187.048,-205.47,12.099,-79.854,80.774,-345.209,-299.181,456.827,-248.088,-191.98699999999997,313.698
-0.4999999999999982,-2.0999999999999996,99.144,204.897,-227.634,14.535,-90.119,91.282,-419.59,-307.699,520.291,-305.91099999999994,-192.92100000000002,361.663
-0.4999999999999982,-1.8999999999999995,116.36,224.964,-253.278,17.654,-102.393,103.911,-504.655,-302.793,588.427,-370.64099999999996,-180.222,412.134
-0.4999999999999982,-1.6999999999999993,137.405,247.328,-282.962,21.733,-117.356,119.355,-595.621,-277.956,657.168,-436.48299999999995,-147.984,460.887
-0.4999999999999982,-1.4999999999999991,163.508,272.514,-317.751,27.139,-135.694,138.408,-683.232,-227.744,720.126,-492.5849999999999,-90.92399999999998,500.906
-0.4999999999999982,-1.299999999999999,195.593,299.909,-358.066,34.498,-158.691,162.416,-753.858,-150.772,768.935,-523.7669999999999,-9.554000000000002,523.854
-0.4999999999999982,-1.0999999999999988,235.554,329.776,-405.31,44.715,-187.804,193.08,-795.219,-53.015,796.81,-514.95,88.95700000000001,522.577
-0.4999999999999982,-0.8999999999999986,285.411,361.521,-460.653,59.31,-225.376,233.087,-795.219,53.015,796.81,-450.49800000000005,189.16000000000003,488.6
-0.4999999999999982,-0.6999999999999984,347.617,393.965,-525.365,80.876,-274.979,286.626,-753.858,150.772,768.935,-325.3649999999999,269.758,422.649
-0.4999999999999982,-0.4999999999999982,424.456,424.456,-600.181,113.872,-341.616,360.063,-683.232,227.744,720.126,-144.904,310.58400000000006,342.724
-0.4999999999999982,-0.29999999999999805,517.814,448.772,-685.24,166.479,-432.845,463.81,-595.621,277.956,657.168,88.67200000000003,293.883,306.969
-0.4999999999999982,-0.09999999999999787,629.385,461.549,-780.437,255.277,-561.609,616.749,-504.655,302.793,588.427,380.00700000000006,202.73299999999995,430.704
-0.4999999999999982,0.10000000000000231,756.982,454.189,-882.641,411.814,-741.265,848.336,-419.59,307.699,520.291,749.2060000000001,20.623000000000047,749.49
-0.4999999999999982,0.3000000000000025,893.431,416.934,-985.752,707.485,-990.479,1216.874,-345.209,299.181,456.827,1255.707,-274.3640000000001,1285.331
-0.4999999999999982,0.5000000000000027,1024.848,341.616,-1080.19,1273.369,-1273.369,1800.544,-282.971,282.971,400.121,2015.2459999999996,-648.7819999999999,2117.105
-0.4999999999999982,0.7000000000000028,1130.787,226.157,-1153.403,2270.946,-1362.568,2647.923,-231.744,262.644,350.243,3169.989,-873.767,3288.206
-0.4999999999999982,0.900000000000003,1192.829,79.522,-1195.214,3392.36,-678.472,3460.208,-190.274,241.014,307.102,4394.915,-357.9359999999999,4409.467
-0.4999999999999982,1.1000000000000032,1192.829,-79.522,-1195.214,3392.36,678.472,3460.208,-157.036,219.851,270.207,4428.153,818.8009999999999,4503.218
-0.4999999999999982,1.3000000000000034,1130.787,-226.157,-1153.403,2270.946,1362.568,2647.923,-130.395,199.94,238.71,3271.338,1336.351,3533.764
-0.4999999999999982,1.5000000000000036,1024.848,-341.616,-1080.19,1273.369,1273.369,1800.544,-109.005,181.676,211.834,2189.2119999999995,1113.4289999999999,2456.089
-0.4999999999999982,1.7000000000000037,893.431,-416.934,-985.752,707.485,990.479,1216.874,-91.603,164.886,188.641,1509.313,738.431,1680.27
-0.4999999999999982,1.900000000000004,756.982,-454.189,-882.641,411.814,741.265,848.336,-77.574,149.976,168.852,1091.222,437.05199999999996,1175.491
-0.4999999999999982,2.100000000000004,629.385,-461.549,-780.437,255.277,561.609,616.749,-66.096,136.598,151.756,818.566,236.65800000000007,852.09
-0.4999999999999982,2.3000000000000043,517.814,-448.772,-685.24,166.479,432.845,463.81,-56.681,124.699,136.98,627.612,108.77200000000003,636.968
-0.29999999999999805,-2.5,67.419,181.513,-193.649,13.858,-69.29,70.656,-299.181,-345.209,456.827,-217.904,-232.986,319.006
-0.29999999999999805,-2.3,78.654,199.661,-214.606,16.417,-77.394,79.106,-376.859,-376.859,532.821,-281.788,-254.59199999999998,379.765
-0.29999999999999805,-2.0999999999999996,92.366,220.258,-238.874,19.628,-86.925,89.112,-473.775,-400.886,620.645,-361.78099999999995,-267.553,449.967
-0.29999999999999805,-1.8999999999999995,109.357,243.95,-267.335,23.735,-98.329,101.143,-592.134,-409.939,720.126,-459.04200000000003,-264.31800000000004,529.701
-0.29999999999999805,-1.6999999999999993,130.391,270.812,-300.601,29.04,-112.011,115.703,-727.707,-391.842,826.228,-568.2760000000001,-233.04099999999997,614.203
-0.29999999999999805,-1.4999999999999991,156.85,301.634,-340.002,36.01,-128.608,133.547,-865.69,-332.958,927.62,-672.83,-159.93200000000002,691.577
-0.29999999999999805,-1.299999999999999,190.331,336.739,-386.81,45.346,-148.993,155.73,-985.708,-227.471,1011.488,-750.031,-39.72500000000002,751.082
-0.29999999999999805,-1.0999999999999988,232.925,376.264,-442.558,58.051,-174.152,183.606,-1055.317,-81.178,1058.564,-764.341,120.93400000000003,773.849
-0.29999999999999805,-0.8999999999999986,287.734,420.534,-509.51,75.869,-205.931,219.479,-1055.317,81.178,1058.564,-691.714,295.78099999999995,752.3
-0.29999999999999805,-0.6999999999999984,358.151,468.351,-589.571,101.462,-246.408,266.411,-985.708,227.471,1011.488,-526.095,449.414,691.917
-0.29999999999999805,-0.4999999999999982,448.772,517.814,-685.24,138.978,-297.81,328.584,-865.69,332.958,927.62,-277.94000000000005,552.962,618.884
-0.29999999999999805,-0.29999999999999805,565.289,565.289,-799.232,195.921,-363.854,413.114,-727.707,391.842,826.228,33.50300000000004,593.277,594.222
-0.29999999999999805,-0.09999999999999787,710.662,601.329,-930.967,284.124,-446.48,529.282,-592.134,409.939,720.126,402.65200000000004,564.788,693.624
-0.29999999999999805,0.10000000000000231,888.202,614.909,-1080.19,425.232,-546.727,692.521,-473.775,400.886,620.645,839.659,469.06800000000004,961.796
-0.29999999999999805,0.3000000000000025,1091.561,587.764,-1239.342,649.284,-649.284,918.274,-376.859,376.859,532.821,1363.9859999999999,315.339,1399.963
-0.29999999999999805,0.5000000000000027,1298.535,499.437,-1391.431,990.479,-707.485,1216.874,-299.181,345.209,456.827,1989.833,137.161,1994.555
-0.29999999999999805,0.7000000000000028,1478.562,341.207,-1517.232,1423.887,-610.237,1550.003,-238.767,312.234,393.047,2663.682,43.20400000000001,2664.032
-0.29999999999999805,0.900000000000003,1582.976,121.767,-1587.847,1782.717,-254.674,1800.544,-191.823,280.356,339.674,3173.8700000000003,147.44899999999998,3177.293
-0.29999999999999805,1.1000000000000032,1582.976,-121.767,-1587.847,1782.717,254.674,1800.544,-155.283,250.842,295.038,3210.4100000000003,383.749,3233.264
-0.29999999999999805,1.3000000000000034,1478.562,-341.207,-1517.232,1423.887,610.237,1550.003,-126.887,224.493,257.874,2775.5619999999994,493.52299999999997,2819.097
-0.29999999999999805,1.5000000000000036,1298.535,-499.437,-1391.431,990.479,707.485,1216.874,-104.567,201.09,226.668,2184.447,409.13800000000003,2222.432
-0.29999999999999805,1.7000000000000037,1091.561,-587.764,-1239.342,649.284,649.284,918.274,-86.927,180.541,200.401,1653.918,242.06099999999998,1671.538
-0.29999999999999805,1.900000000000004,888.202,-614.909,-1080.19,425.232,546.727,692.521,-72.904,162.633,178.223,1240.53,94.451,1244.12
-0.29999999999999805,2.100000000000004,710.662,-601.329,-930.967,284.124,446.48,529.282,-61.578,146.839,159.249,933.2080000000001,-8.009999999999934,933.242
-0.29999999999999805,2.3000000000000043,565.289,-565.289,-799.232,195.921,363.854,413.114,-52.436,133.108,143.071,708.774,-68.327,712.06
-0.09999999999999787,-2.5,60.133,191.332,-200.571,17.16,-66.734,68.907,-307.699,-419.59,520.291,-230.406,-294.99199999999996,374.309
-0.09999999999999787,-2.3,70.533,211.599,-223.077,20.231,-74.182,76.902,-400.886,-473.775,620.645,-310.122,-336.358,457.507
-0.09999999999999787,-2.0999999999999996,83.477,235.252,-249.595,24.082,-82.948,86.372,-525.577,-525.577,743.453,-418.01800000000003,-373.27299999999997,560.421
-0.09999999999999787,-1.8999999999999995,99.502,262.323,-280.595,28.945,-93.269,97.643,-690.054,-564.589,891.424,-561.607,-395.5350000000001,686.914
-0.09999999999999787,-1.6999999999999993,119.906,294.315,-317.751,35.138,-105.415,111.115,-892.961,-568.248,1058.564,-737.917,-379.34800000000007,829.715
-0.09999999999999787,-1.4999999999999991,145.811,331.389,-362.01,43.183,-119.952,127.485,-1123.219,-510.554,1233.499,-934.225,-299.11699999999996,980.942
-0.09999999999999787,-1.299999999999999,179.117,374.517,-415.225,53.752,-137.366,147.519,-1336.444,-364.485,1385.042,-1103.575,-127.33400000000003,1110.897
-0.09999999999999787,-1.0999999999999988,222.824,425.391,-480.287,67.893,-158.418,172.373,-1467.501,-133.409,1474.171,-1176.784,133.56400000000002,1184.339
-0.09999999999999787,-0.8999999999999986,280.836,485.08,-560.396,87.214,-184.119,203.693,-1467.501,133.409,1474.171,-1099.451,434.37,1182.146
-0.09999999999999787,-0.6999999999999984,357.669,552.761,-658.436,113.729,-214.821,243.127,-1336.444,364.485,1385.042,-865.046,702.425,1114.318
-0.09999999999999787,-0.4999999999999982,461.549,629.385,-780.437,151.396,-252.327,294.214,-1123.219,510.554,1233.499,-510.2740000000001,887.612,1023.833
-0.09999999999999787,-0.29999999999999805,601.329,710.662,-930.967,204.97,-296.067,360.063,-892.961,568.248,1058.564,-86.66200000000003,982.8430000000001,986.656
-0.09999999999999787,-0.09999999999999787,788.366,788.366,-1115.179,282.295,-345.027,445.712,-690.054,564.589,891.424,380.6070000000001,1007.9280000000001,1077.395
-0.09999999999999787,0.10000000000000231,1035.081,846.884,-1337.136,392.645,-392.645,555.374,-525.577,525.577,743.453,902.1489999999999,979.816,1331.883
-0.09999999999999787,0.3000000000000025,1339.441,852.372,-1587.847,546.727,-425.232,692.521,-400.886,473.775,620.645,1485.2820000000002,900.915,1737.156
-0.09999999999999787,0.5000000000000027,1684.828,765.831,-1850.248,741.265,-411.814,848.336,-307.699,419.59,520.291,2118.394,773.607,2255.23
-0.09999999999999787,0.7000000000000028,2004.665,546.727,-2077.562,947.734,-315.911,999.333,-238.446,368.508,438.957,2713.953,599.324,2779.34
-0.09999999999999787,0.900000000000003,2201.251,200.114,-2211.257,1089.182,-121.02,1096.443,-187.224,323.387,373.597,3103.209,402.481,3129.201
-0.09999999999999787,1.1000000000000032,2201.251,-200.114,-2211.257,1089.182,121.02,1096.443,-148.549,283.594,320.191,3141.884,204.5,3148.532
-0.09999999999999787,1.3000000000000034,2004.665,-546.727,-2077.562,947.734,315.911,999.333,-119.411,249.678,276.817,2832.988,18.862000000000023,2833.051
-0.09999999999999787,1.5000000000000036,1684.828,-765.831,-1850.248,741.265,411.814,848.336,-97.208,220.926,241.34,2328.8849999999998,-133.091,2332.685
-0.09999999999999787,1.7000000000000037,1339.441,-852.372,-1587.847,546.727,425.232,692.521,-79.937,196.21,211.834,1806.2310000000002,-230.92999999999992,1820.934
-0.09999999999999787,1.900000000000004,1035.081,-846.884,-1337.136,392.645,392.645,555.374,-66.335,174.882,187.063,1361.3909999999998,-279.357,1389.757
-0.09999999999999787,2.100000000000004,788.366,-788.366,-1115.179,282.295,345.027,445.712,-55.651,156.835,166.397,1015.0100000000001,-286.504,1054.67
-0.09999999999999787,2.3000000000000043,601.329,-710.662,-930.967,204.97,296.067,360.063,-47.022,141.066,148.718,759.2769999999999,-273.529,807.044
0.10000000000000231,-2.5,51.48,200.202,-206.722,20.044,-63.777,66.857,-302.793,-504.655,588.427,-231.269,-368.22999999999996,434.832
0.10000000000000231,-2.3,60.694,222.545,-230.705,23.511,-70.533,74.359,-409.939,-592.134,720.126,-325.73400000000004,-440.122,547.549
0.10000000000000231,-2.0999999999999996,72.245,248.843,-259.117,27.826,-78.417,83.198,-564.589,-690.054,891.424,-464.51800000000003,-519.6279999999999,696.987
0.10000000000000231,-1.8999999999999995,86.836,279.806,-292.928,33.167,-87.441,93.532,-785.29,-785.29,1110.748,-665.2869999999999,-592.925,891.16
0.10000000000000231,-1.6999999999999993,105.415,316.244,-333.345,39.969,-98.105,105.917,-1093.454,-850.464,1385.042,-948.0699999999999,-632.325,1139.593
0.10000000000000231,-1.4999999999999991,129.548,359.856,-382.455,48.604,-110.463,120.67,-1482.529,-823.627,1696.673,-1304.377,-574.2339999999999,1425.182
0.10000000000000231,-1.299999999999999,161.256,412.098,-442.558,59.706,-124.839,138.408,-1895.468,-631.823,1998.665,-1674.506,-344.56399999999996,1709.589
0.10000000000000231,-1.0999999999999988,203.68,475.253,-517.12,74.275,-141.797,160.096,-2178.364,-242.04,2192.886,-1900.409,91.41600000000003,1902.606
0.10000000000000231,-0.8999999999999986,261.642,552.356,-611.08,93.612,-161.693,186.799,-2178.364,242.04,2192.886,-1823.1100000000001,632.703,1929.778
0.10000000000000231,-0.6999999999999984,341.186,644.462,-729.38,119.223,-184.254,219.479,-1895.468,631.823,1998.665,-1435.0590000000002,1092.031,1803.31
0.10000000000000231,-0.4999999999999982,454.189,756.982,-882.641,153.85,-209.795,260.146,-1482.529,823.627,1696.673,-874.49,1370.8139999999999,1625.996
0.10000000000000231,-0.29999999999999805,614.909,888.202,-1080.19,200.443,-236.887,310.322,-1093.454,850.464,1385.042,-278.102,1501.779,1527.312
0.10000000000000231,-0.09999999999999787,846.884,1035.081,-1337.136,262.789,-262.789,371.726,-785.29,785.29,1110.748,324.38300000000004,1557.5819999999999,1591.002
0.10000000000000231,0.10000000000000231,1177.934,1177.934,-1666.123,345.027,-282.295,445.712,-564.589,690.054,891.424,958.372,1585.6929999999998,1852.808
0.10000000000000231,0.3000000000000025,1640.181,1275.696,-2077.562,446.48,-284.124,529.282,-409.939,592.134,720.126,1676.722,1583.706,2306.409
0.10000000000000231,0.5000000000000027,2223.794,1235.441,-2545.009,561.609,-255.277,616.749,-302.793,504.655,588.427,2482.6099999999997,1484.819,2892.756
0.10000000000000231,0.7000000000000028,2843.201,947.734,-2997.998,668.222,-182.242,692.521,-227.457,429.641,486.253,3283.966,1195.133,3494.678
0.10000000000000231,0.900000000000003,3267.546,363.061,-3289.329,733.75,-66.705,737.086,-174.428,368.237,407.387,3826.868,664.5930000000001,3884.148
0.10000000000000231,1.1000000000000032,3267.546,-363.061,-3289.329,733.75,66.705,737.086,-135.786,316.835,344.747,3865.5099999999998,20.478999999999985,3865.564
0.10000000000000231,1.3000000000000034,2843.201,-947.734,-2997.998,668.222,182.242,692.521,-107.504,274.732,295.038,3403.919,-490.76000000000005,3439.115
0.10000000000000231,1.5000000000000036,2223.794,-1235.441,-2545.009,561.609,255.277,616.749,-86.366,239.904,254.97,2699.037,-740.26,2798.711
0.10000000000000231,1.7000000000000037,1640.181,-1275.696,-2077.562,446.48,284.124,529.282,-70.277,210.83,222.23,2016.384,-780.7419999999998,2162.259
0.10000000000000231,1.900000000000004,1177.934,-1177.934,-1666.123,345.027,282.295,445.712,-57.891,186.537,195.285,1465.07,-709.1019999999999,1627.653
0.10000000000000231,2.100000000000004,846.884,-1035.081,-1337.136,262.789,262.789,371.726,-48.163,165.895,172.745,1061.51,-606.3969999999999,1222.506
0.10000000000000231,2.3000000000000043,614.909,-888.202,-1080.19,200.443,236.887,310.322,-40.463,148.364,153.804,774.889,-502.951,923.803
0.3000000000000025,-2.5,41.574,207.87,-211.968,22.473,-60.504,64.55,-277.956,-595.621,657.168,-213.90900000000002,-448.255,496.679
0.3000000000000025,-2.3,49.251,232.182,-237.318,26.218,-66.554,71.535,-391.842,-727.707,826.228,-316.373,-562.079,645.0
0.3000000000000025,-2.0999999999999996,58.884,260.774,-267.335,30.789,-73.419,79.625,-568.248,-892.961,1058.564,-478.57500000000005,-705.606,852.592
0.3000000000000025,-1.8999999999999995,71.204,294.986,-303.429,36.452,-81.317,89.112,-850.464,-1093.454,1385.042,-742.8080000000001,-879.785,1151.428
0.3000000000000025,-1.6999999999999993,87.12,336.033,-347.11,43.464,-90.271,100.2,-1298.569,-1298.569,1836.547,-1167.985,-1052.807,1572.448
0.3000000000000025,-1.4999999999999991,108.031,385.824,-400.64,52.283,-100.545,113.334,-1980.958,-1414.97,2433.748,-1820.644,-1129.691,2142.649
0.3000000000000025,-1.299999999999999,136.037,446.98,-467.191,63.444,-112.246,128.937,-2847.775,-1220.475,3100.006,-2648.294,-885.7409999999999,2792.49
0.3000000000000025,-1.0999999999999988,174.152,522.457,-550.819,77.642,-125.421,147.519,-3565.433,-509.348,3601.088,-3313.639,-112.31200000000001,3315.542
0.3000000000000025,-0.8999999999999986,227.608,617.792,-658.436,95.911,-140.178,169.837,-3565.433,509.348,3601.088,-3241.9139999999998,986.962,3388.82
0.3000000000000025,-0.6999999999999984,304.386,739.224,-799.232,119.384,-156.117,196.524,-2847.775,1220.475,3100.006,-2424.005,1803.5819999999999,3021.375
0.3000000000000025,-0.4999999999999982,416.934,893.431,-985.752,149.591,-172.605,228.413,-1980.958,1414.97,2433.748,-1414.433,2135.7960000000003,2561.688
0.3000000000000025,-0.29999999999999805,587.764,1091.561,-1239.342,188.43,-188.43,266.411,-1298.569,1298.569,1836.547,-522.375,2201.7,2262.821
0.3000000000000025,-0.09999999999999787,852.372,1339.441,-1587.847,236.887,-200.443,310.322,-850.464,1093.454,1385.042,238.79499999999996,2232.452,2245.187
0.3000000000000025,0.10000000000000231,1275.696,1640.181,-2077.562,296.067,-204.97,360.063,-568.248,892.961,1058.564,1003.5149999999999,2328.172,2535.237
0.3000000000000025,0.3000000000000025,1947.853,1947.853,-2754.821,363.854,-195.921,413.114,-391.842,727.707,826.228,1919.8649999999998,2479.639,3135.999
0.3000000000000025,0.5000000000000027,2971.436,2122.455,-3650.622,432.845,-166.479,463.81,-277.956,595.621,657.168,3126.325,2551.5969999999998,4035.413
0.3000000000000025,0.7000000000000028,4271.662,1830.712,-4650.009,492.854,-113.736,505.744,-202.924,492.816,532.821,4561.592000000001,2209.792,5068.659
0.3000000000000025,0.900000000000003,5348.15,764.021,-5401.631,527.659,-40.589,529.282,-151.738,411.861,438.957,5724.070999999999,1135.2930000000001,5835.57
0.3000000000000025,1.1000000000000032,5348.15,-764.021,-5401.631,527.659,40.589,529.282,-116.101,348.304,367.212,5759.708,-375.12800000000004,5771.911
0.3000000000000025,1.3000000000000034,4271.662,-1830.712,-4650.009,492.854,113.736,505.744,-90.692,297.987,311.461,4673.8240000000005,-1418.9889999999998,4884.482
0.3000000000000025,1.5000000000000036,2971.436,-2122.455,-3650.622,432.845,166.479,463.81,-72.021,257.216,267.093,3332.2599999999998,-1698.7599999999998,3740.286
0.3000000000000025,1.7000000000000037,1947.853,-1947.853,-2754.821,363.854,195.921,413.114,-58.08,224.022,231.406,2253.627,-1527.91,2722.746
0.3000000000000025,1.900000000000004,1275.696,-1640.181,-2077.562,296.067,204.97,360.063,-47.469,196.658,202.286,1524.2939999999999,-1238.553,1964.048
0.3000000000000025,2.100000000000004,852.372,-1339.441,-1587.847,236.887,200.443,310.322,-39.256,173.849,178.223,1050.003,-965.1490000000001,1426.19
0.3000000000000025,2.3000000000000043,587.764,-1091.561,-1239.342,188.43,188.43,266.411,-32.834,154.788,158.212,743.3599999999999,-748.3429999999998,1054.799
0.5000000000000027,-2.5,30.535,213.745,-215.943,24.448,-57.045,62.065,-227.744,-683.232,720.126,-172.761,-526.5319999999999,554.15
0.5000000000000027,-2.3,36.297,239.562,-242.321,28.341,-62.349,68.49,-332.958,-865.69,927.62,-268.32000000000005,-688.4770000000001,738.916
0.5000000000000027,-2.0999999999999996,43.606,270.356,-273.845,33.048,-68.299,75.878,-510.554,-1123.219,1233.499,-433.9,-921.162,1018.238
0.5000000000000027,-1.8999999999999995,52.962,307.179,-311.733,38.787,-74.988,84.426,-823.627,-1482.529,1696.673,-731.8779999999999,-1250.338,1448.789
0.5000000000000027,-1.6999999999999993,65.198,352.067,-358.066,45.802,-82.443,94.321,-1414.97,-1980.958,2433.748,-1303.97,-1711.334,2151.512
0.5000000000000027,-1.4999999999999991,81.417,407.083,-415.225,54.503,-90.838,105.917,-2546.738,-2546.738,3601.088,-2410.8179999999998,-2230.493,3284.379
0.5000000000000027,-1.299999999999999,103.494,476.072,-487.249,65.198,-99.97,119.355,-4541.892,-2725.135,5295.847,-4373.2,-2349.0330000000004,4964.155
0.5000000000000027,-1.0999999999999988,134.145,563.411,-579.24,78.518,-109.925,135.103,-6784.721,-1356.944,6920.415,-6572.057999999999,-903.4580000000001,6633.866
0.5000000000000027,-0.8999999999999986,177.929,676.129,-699.26,95.137,-120.507,153.551,-6784.721,1356.944,6920.415,-6511.655,1912.566,6786.719
0.5000000000000027,-0.6999999999999984,242.629,824.938,-859.877,115.872,-131.322,175.122,-4541.892,2725.135,5295.847,-4183.391,3418.751,5402.649
0.5000000000000027,-0.4999999999999982,341.616,1024.848,-1080.19,141.485,-141.485,200.06,-2546.738,2546.738,3601.088,-2063.6369999999997,3430.1009999999997,4003.023
0.5000000000000027,-0.29999999999999805,499.437,1298.535,-1391.431,172.605,-149.591,228.413,-1414.97,1980.958,2433.748,-742.928,3129.902,3216.866
0.5000000000000027,-0.09999999999999787,765.831,1684.828,-1850.248,209.795,-153.85,260.146,-823.627,1482.529,1696.673,151.99900000000002,3013.507,3017.338
0.5000000000000027,0.10000000000000231,1235.441,2223.794,-2545.009,252.327,-151.396,294.214,-510.554,1123.219,1233.499,977.214,3195.6169999999997,3341.693
0.5000000000000027,0.3000000000000025,2122.455,2971.436,-3650.622,297.81,-138.978,328.584,-332.958,865.69,927.62,2087.307,3698.148,4246.546
0.5000000000000027,0.5000000000000027,3820.107,3820.107,-5401.631,341.616,-113.872,360.063,-227.744,683.232,720.126,3933.979,4389.467000000001,5894.371
0.5000000000000027,0.7000000000000028,6812.839,4087.703,-7943.77,376.929,-75.386,384.468,-161.753,549.959,573.251,7028.015,4562.276,8378.983
0.5000000000000027,0.900000000000003,10177.081,2035.416,-10380.623,397.61,-26.507,398.405,-118.619,450.753,466.173,10456.072,2459.662,10741.479
0.5000000000000027,1.1000000000000032,10177.081,-2035.416,-10380.623,397.61,26.507,398.405,-89.43,375.607,386.16,10485.261,-1633.302,10611.709
0.5000000000000027,1.3000000000000034,6812.839,-4087.703,-7943.77,376.929,75.386,384.468,-68.996,317.381,324.833,7120.772,-3694.936,8022.34
0.5000000000000027,1.5000000000000036,3820.107,-3820.107,-5401.631,341.616,113.872,360.063,-54.278,271.389,276.817,4107.445,-3434.846,5354.369
0.5000000000000027,1.7000000000000037,2122.455,-2971.436,-3650.622,297.81,138.978,328.584,-43.465,234.712,238.71,2376.7999999999997,-2597.746,3521.003
0.5000000000000027,1.900000000000004,1235.441,-2223.794,-2545.009,252.327,151.396,294.214,-35.308,204.786,207.822,1452.46,-1867.6119999999996,2365.928
0.5000000000000027,2.100000000000004,765.831,-1684.828,-1850.248,209.795,153.85,260.146,-29.071,180.238,182.563,946.555,-1350.74,1649.383
0.5000000000000027,2.3000000000000043,499.437,-1298.535,-1391.431,172.605,149.591,228.413,-24.198,159.708,161.547,647.844,-989.236,1182.493
0.7000000000000028,-2.5,18.683,217.97,-218.78,25.972,-53.472,59.446,-150.772,-753.858,768.935,-106.11699999999999,-589.3599999999999,598.837
0.7000000000000028,-2.3,22.255,244.805,-245.844,29.914,-58.067,65.317,-227.471,-985.708,1011.488,-175.30200000000002,-798.97,817.975
0.7000000000000028,-2.0999999999999996,26.824,277.185,-278.437,34.606,-63.106,71.981,-364.485,-1336.444,1385.042,-303.055,-1122.365,1162.56
0.7000000000000028,-1.8999999999999995,32.702,316.116,-317.751,40.262,-68.683,79.625,-631.823,-1895.468,1998.665,-558.8589999999999,-1648.035,1740.213
0.7000000000000028,-1.6999999999999993,40.385,363.462,-365.75,47.088,-74.787,88.387,-1220.475,-2847.775,3100.006,-1133.002,-2559.1000000000004,2798.694
0.7000000000000028,-1.4999999999999991,50.736,422.802,-425.846,55.383,-81.446,98.484,-2725.135,-4541.892,5295.847,-2619.016,-4200.536,4950.126
0.7000000000000028,-1.299999999999999,64.951,497.954,-502.068,65.402,-88.486,110.03,-7084.288,-7084.288,10012.46,-6953.9349999999995,-6674.82,9639.006
0.7000000000000028,-1.0999999999999988,84.891,594.239,-600.181,77.56,-95.809,123.274,-17113.251,-5704.417,18025.957,-16950.8,-5205.987,17732.228
0.7000000000000028,-0.8999999999999986,113.729,720.281,-729.38,92.272,-103.128,138.408,-17113.251,5704.417,18025.957,-16907.25,6321.570000000001,18050.411
0.7000000000000028,-0.6999999999999984,157.53,892.669,-906.321,110.126,-110.126,155.73,-7084.288,7084.288,10012.46,-6816.632,7866.830999999999,10409.299
0.7000000000000028,-0.4999999999999982,226.157,1130.787,-1153.403,131.322,-115.872,175.122,-2725.135,4541.892,5295.847,-2367.656,5556.807,6040.19
0.7000000000000028,-0.29999999999999805,341.207,1478.562,-1517.232,156.117,-119.384,196.524,-1220.475,2847.775,3100.006,-723.151,4206.9529999999995,4268.653
0.7000000000000028,-0.09999999999999787,546.727,2004.665,-2077.562,184.254,-119.223,219.479,-631.823,1895.468,1998.665,99.15800000000002,3780.91,3782.21
0.7000000000000028,0.10000000000000231,947.734,2843.201,-2997.998,214.821,-113.729,243.127,-364.485,1336.444,1385.042,798.07,4065.916,4143.5
0.7000000000000028,0.3000000000000025,1830.712,4271.662,-4650.009,246.408,-101.462,266.411,-227.471,985.708,1011.488,1849.649,5155.907999999999,5477.644
0.7000000000000028,0.5000000000000027,4087.703,6812.839,-7943.77,274.979,-80.876,286.626,-150.772,753.858,768.935,4211.91,7485.821,8589.395
0.7000000000000028,0.7000000000000028,10626.432,10626.432,-15018.69,297.556,-52.51,302.107,-105.02,595.112,604.214,10818.968,11169.034,15549.836
0.7000000000000028,0.900000000000003,25669.876,8556.625,-27038.936,309.776,-18.222,310.322,-75.819,480.188,486.253,25903.833000000002,9018.591,27428.882
0.7000000000000028,1.1000000000000032,25669.876,-8556.625,-27038.936,309.776,18.222,310.322,-56.594,396.159,400.121,25923.058,-8142.244000000001,27171.696
0.7000000000000028,1.3000000000000034,10626.432,-10626.432,-15018.69,297.556,52.51,302.107,-43.3,331.969,334.712,10880.688000000002,-10241.953000000001,14942.79
0.7000000000000028,1.5000000000000036,4087.703,-6812.839,-7943.77,274.979,80.876,286.626,-33.824,281.868,283.897,4328.858,-6450.094999999999,7768.059
0.7000000000000028,1.7000000000000037,1830.712,-4271.662,-4650.009,246.408,101.462,266.411,-26.923,242.308,243.833,2050.197,-3927.892,4430.761
0.7000000000000028,1.900000000000004,947.734,-2843.201,-2997.998,214.821,113.729,243.127,-21.801,210.744,211.834,1140.7540000000001,-2518.728,2765.015
0.7000000000000028,2.100000000000004,546.727,-2004.665,-2077.562,184.254,119.223,219.479,-17.883,184.79,185.624,713.098,-1700.652,1844.106
0.7000000000000028,2.3000000000000043,341.207,-1478.562,-1517.232,156.117,119.384,196.524,-14.837,163.203,163.896,482.48699999999997,-1195.975,1289.632
0.900000000000003,-2.5,6.292,220.219,-220.282,27.083,-49.889,56.76,-53.015,-795.219,796.81,-19.64,-624.8890000000001,625.198
0.900000000000003,-2.3,7.5,247.484,-247.634,30.967,-53.786,62.065,-81.178,-1055.317,1058.564,-42.711,-861.619,862.677
0.900000000000003,-2.0999999999999996,9.046,280.414,-280.595,35.573,-58.041,68.076,-133.409,-1467.501,1474.171,-88.78999999999999,-1245.128,1248.29
0.900000000000003,-1.8999999999999995,11.048,320.383,-320.604,41.033,-62.63,74.875,-242.04,-2178.364,2192.886,-189.959,-1920.611,1929.982
0.900000000000003,-1.6999999999999993,13.687,369.549,-369.822,47.497,-67.496,82.545,-509.348,-3565.433,3601.088,-448.164,-3263.38,3294.01
0.900000000000003,-1.4999999999999991,17.239,430.965,-431.31,55.234,-72.676,91.282,-1356.944,-6784.721,6920.415,-1284.471,-6426.432,6553.541
0.900000000000003,-1.299999999999999,22.133,509.068,-509.51,64.422,-77.985,101.143,-5704.417,-17113.251,18025.957,-5617.862,-16682.168,17602.702
0.900000000000003,-1.0999999999999988,29.071,610.499,-611.08,75.286,-83.211,112.216,-64211.848,-64211.848,90538.705,-64107.490999999995,-63684.56,90363.121
0.900000000000003,-0.8999999999999986,39.178,744.391,-745.566,88.144,-88.144,124.654,-64211.848,64211.848,90538.705,-64084.526,64868.095,91184.956
0.900000000000003,-0.6999999999999984,54.666,929.327,-930.967,103.128,-92.272,138.408,-5704.417,17113.251,18025.957,-5546.6230000000005,17950.306,18787.722
0.900000000000003,-0.4999999999999982,79.522,1192.829,-1195.214,120.507,-95.137,153.551,-1356.944,6784.721,6920.415,-1156.915,7882.413,7966.862
0.900000000000003,-0.29999999999999805,121.767,1582.976,-1587.847,140.178,-95.911,169.837,-509.348,3565.433,3601.088,-247.40300000000002,5052.498,5058.552
0.900000000000003,-0.09999999999999787,200.114,2201.251,-2211.257,161.693,-93.612,186.799,-242.04,2178.364,2192.886,119.76700000000002,4286.003000000001,4287.676
0.900000000000003,0.10000000000000231,363.061,3267.546,-3289.329,184.119,-87.214,203.693,-133.409,1467.501,1474.171,413.77099999999996,4647.833,4666.215
0.900000000000003,0.3000000000000025,764.021,5348.15,-5401.631,205.931,-75.869,219.479,-81.178,1055.317,1058.564,888.774,6327.598,6389.712
0.900000000000003,0.5000000000000027,2035.416,10177.081,-10380.623,225.376,-59.31,233.087,-53.015,795.219,796.81,2207.777,10912.990000000002,11134.075
0.900000000000003,0.7000000000000028,8556.625,25669.876,-27038.936,240.094,-37.91,243.127,-36.444,619.552,620.645,8760.275,26251.518,27674.62
0.900000000000003,0.900000000000003,96317.772,96317.772,-135808.058,248.13,-13.059,248.522,-26.119,496.261,497.044,96539.783,96800.974,136712.685
0.900000000000003,1.1000000000000032,96317.772,-96317.772,-135808.058,248.13,13.059,248.522,-19.381,406.999,407.387,96546.52100000001,-95897.714,136079.397
0.900000000000003,1.3000000000000034,8556.625,-25669.876,-27038.936,240.094,37.91,243.127,-14.756,339.379,339.674,8781.963,-25292.587,26773.827
0.900000000000003,1.5000000000000036,2035.416,-10177.081,-10380.623,225.376,59.31,233.087,-11.492,287.31,287.54,2249.2999999999997,-9830.461000000001,10084.509
0.900000000000003,1.7000000000000037,764.021,-5348.15,-5401.631,205.931,75.869,219.479,-9.125,246.366,246.548,960.827,-5025.915,5116.934
0.900000000000003,1.900000000000004,363.061,-3267.546,-3289.329,184.119,87.214,203.693,-7.365,213.589,213.736,539.8149999999999,-2966.743,3015.454
0.900000000000003,2.100000000000004,200.114,-2201.251,-2211.257,161.693,93.612,186.799,-6.03,186.943,187.063,355.77700000000004,-1920.6960000000001,1953.369
0.900000000000003,2.3000000000000043,121.767,-1582.976,-1587.847,140.178,95.911,169.837,-5.0,164.989,165.089,256.945,-1322.076,1346.813
1.1000000000000032,-2.5,-6.292,220.219,-220.282,27.787,-46.312,54.013,53.015,-795.219,796.81,74.50999999999999,-621.3120000000001,625.764
1.1000000000000032,-2.3,-7.5,247.484,-247.634,31.569,-49.609,58.809,81.178,-1055.317,1058.564,105.247,-857.442,863.877
1.1000000000000032,-2.0999999999999996,-9.046,280.414,-280.595,36.013,-53.161,64.205,133.409,-1467.501,1474.171,160.37599999999998,-1240.248,1250.574
1.1000000000000032,-1.8999999999999995,-11.048,320.383,-320.604,41.157,-56.837,70.183,242.04,-2178.364,2192.886,272.149,-1914.818,1934.061
1.1000000000000032,-1.6999999999999993,-13.687,369.549,-369.822,47.207,-60.694,76.902,509.348,-3565.433,3601.088,542.868,-3256.578,3301.516
1.1000000000000032,-1.4999999999999991,-17.239,430.965,-431.31,54.302,-64.645,84.426,1356.944,-6784.721,6920.415,1394.007,-6418.401,6568.038
1.1000000000000032,-1.299999999999999,-22.133,509.068,-509.51,62.59,-68.551,92.812,5704.417,-17113.251,18025.957,5744.874000000001,-16672.734,17634.728
1.1000000000000032,-1.0999999999999988,-29.071,610.499,-611.08,72.143,-72.143,102.03,64211.848,-64211.848,90538.705,64254.92,-63673.492,90459.982
1.1000000000000032,-0.8999999999999986,-39.178,744.391,-745.566,83.211,-75.286,112.216,64211.848,64211.848,90538.705,64255.881,64880.953,91314.601
1.1000000000000032,-0.6999999999999984,-54.666,929.327,-930.967,95.809,-77.56,123.274,5704.417,17113.251,18025.957,5745.56,17965.018,18861.424
1.1000000000000032,-0.4999999999999982,-79.522,1192.829,-1195.214,109.925,-78.518,135.103,1356.944,6784.721,6920.415,1387.347,7899.031999999999,8019.94
1.1000000000000032,-0.29999999999999805,-121.767,1582.976,-1587.847,125.421,-77.642,147.519,509.348,3565.433,3601.088,513.0020000000001,5070.767,5096.651
1.1000000000000032,-0.09999999999999787,-200.114,2201.251,-2211.257,141.797,-74.275,160.096,242.04,2178.364,2192.886,183.72299999999998,4305.34,4309.258
1.1000000000000032,0.10000000000000231,-363.061,3267.546,-3289.329,158.418,-67.893,172.373,133.409,1467.501,1474.171,-71.23399999999998,4667.1539999999995,4667.698
1.1000000000000032,0.3000000000000025,-764.021,5348.15,-5401.631,174.152,-58.051,183.606,81.178,1055.317,1058.564,-508.6909999999999,6345.415999999999,6365.773
1.1000000000000032,0.5000000000000027,-2035.416,10177.081,-10380.623,187.804,-44.715,193.08,53.015,795.219,796.81,-1794.5969999999998,10927.585,11073.965
1.1000000000000032,0.7000000000000028,-8556.625,25669.876,-27038.936,198.08,-28.297,200.06,36.444,619.552,620.645,-8322.101,26261.131,27548.219
1.1000000000000032,0.900000000000003,-96317.772,96317.772,-135808.058,203.5,-9.69,203.693,26.119,496.261,497.044,-96088.15299999999,96804.343,136396.532
1.1000000000000032,1.1000000000000032,-96317.772,-96317.772,-135808.058,203.5,9.69,203.693,19.381,406.999,407.387,-96094.891,-95901.083,135761.724
1.1000000000000032,1.3000000000000034,-8556.625,-25669.876,-27038.936,198.08,28.297,200.06,14.756,339.379,339.674,-8343.789,-25302.2,26642.45
1.1000000000000032,1.5000000000000036,-2035.416,-10177.081,-10380.623,187.804,44.715,193.08,11.492,287.31,287.54,-1836.12,-9845.056,10014.812
1.1000000000000032,1.7000000000000037,-764.021,-5348.15,-5401.631,174.152,58.051,183.606,9.125,246.366,246.548,-580.7439999999999,-5043.732999999999,5077.057
1.1000000000000032,1.900000000000004,-363.061,-3267.546,-3289.329,158.418,67.893,172.373,7.365,213.589,213.736,-197.27799999999996,-2986.064,2992.574
1.1000000000000032,2.100000000000004,-200.114,-2201.251,-2211.257,141.797,74.275,160.096,6.03,186.943,187.063,-52.287000000000006,-1940.0330000000001,1940.737
1.1000000000000032,2.3000000000000043,-121.767,-1582.976,-1587.847,125.421,77.642,147.519,5.0,164.989,165.089,8.65400000000001,-1340.345,1340.373
1.3000000000000034,-2.5,-18.683,217.97,-218.78,28.181,-42.884,51.313,150.772,-753.858,768.935,160.26999999999998,-578.7719999999999,600.553
1.3000000000000034,-2.3,-22.255,244.805,-245.844,31.816,-45.649,55.636,227.471,-985.708,1011.488,237.032,-786.5519999999999,821.491
1.3000000000000034,-2.0999999999999996,-26.824,277.185,-278.437,35.992,-48.511,60.404,364.485,-1336.444,1385.042,373.653,-1107.77,1169.09
1.3000000000000034,-1.8999999999999995,-32.702,316.116,-317.751,40.833,-51.485,65.706,631.823,-1895.468,1998.665,639.954,-1630.837,1751.905
1.3000000000000034,-1.6999999999999993,-40.385,363.462,-365.75,46.386,-54.453,71.535,1220.475,-2847.775,3100.006,1226.4759999999999,-2538.766,2819.499
1.3000000000000034,-1.4999999999999991,-50.736,422.802,-425.846,52.806,-57.398,77.992,2725.135,-4541.892,5295.847,2727.2050000000004,-4176.487999999999,4988.056
1.3000000000000034,-1.299999999999999,-64.951,497.954,-502.068,60.134,-60.134,85.05,7084.288,-7084.288,10012.46,7079.471,-6646.468,9710.533
1.3000000000000034,-1.0999999999999988,-84.891,594.239,-600.181,68.551,-62.59,92.812,17113.251,-5704.417,18025.957,17096.911,-5172.768,17862.304
1.3000000000000034,-0.8999999999999986,-113.729,720.281,-729.38,77.985,-64.422,101.143,17113.251,5704.417,18025.957,17077.507,6360.276,18223.456
1.3000000000000034,-0.6999999999999984,-157.53,892.669,-906.321,88.486,-65.402,110.03,7084.288,7084.288,10012.46,7015.244,7911.554999999999,10573.852
1.3000000000000034,-0.4999999999999982,-226.157,1130.787,-1153.403,99.97,-65.198,119.355,2725.135,4541.892,5295.847,2598.9480000000003,5607.481,6180.483
1.3000000000000034,-0.29999999999999805,-341.207,1478.562,-1517.232,112.246,-63.444,128.937,1220.475,2847.775,3100.006,991.5139999999999,4262.893,4376.683
1.3000000000000034,-0.09999999999999787,-546.727,2004.665,-2077.562,124.839,-59.706,138.408,631.823,1895.468,1998.665,209.935,3840.427,3846.161
1.3000000000000034,0.10000000000000231,-947.734,2843.201,-2997.998,137.366,-53.752,147.519,364.485,1336.444,1385.042,-445.88300000000004,4125.893,4149.916
1.3000000000000034,0.3000000000000025,-1830.712,4271.662,-4650.009,148.993,-45.346,155.73,227.471,985.708,1011.488,-1454.248,5212.024,5411.103
1.3000000000000034,0.5000000000000027,-4087.703,6812.839,-7943.77,158.691,-34.498,162.416,150.772,753.858,768.935,-3778.2400000000002,7532.1990000000005,8426.691
1.3000000000000034,0.7000000000000028,-10626.432,10626.432,-15018.69,165.985,-21.65,167.356,105.02,595.112,604.214,-10355.427,11199.894,15253.606
1.3000000000000034,0.900000000000003,-25669.876,8556.625,-27038.936,169.689,-7.378,169.837,75.819,480.188,486.253,-25424.368000000002,9029.435,26980.163
1.3000000000000034,1.1000000000000032,-25669.876,-8556.625,-27038.936,169.689,7.378,169.837,56.594,396.159,400.121,-25443.593,-8153.088,26717.958
1.3000000000000034,1.3000000000000034,-10626.432,-10626.432,-15018.69,165.985,21.65,167.356,43.3,331.969,334.712,-10417.147,-10272.813000000002,14630.367
1.3000000000000034,1.5000000000000036,-4087.703,-6812.839,-7943.77,158.691,34.498,162.416,33.824,281.868,283.897,-3895.188,-6496.473,7574.738
1.3000000000000034,1.7000000000000037,-1830.712,-4271.662,-4650.009,148.993,45.346,155.73,26.923,242.308,243.833,-1654.796,-3984.0080000000007,4314.009
1.3000000000000034,1.900000000000004,-947.734,-2843.201,-2997.998,137.366,53.752,147.519,21.801,210.744,211.834,-788.567,-2578.705,2696.583
1.3000000000000034,2.100000000000004,-546.727,-2004.665,-2077.562,124.839,59.706,138.408,17.883,184.79,185.624,-404.005,-1760.169,1805.939
1.3000000000000034,2.3000000000000043,-341.207,-1478.562,-1517.232,112.246,63.444,128.937,14.837,163.203,163.896,-214.12400000000002,-1251.915,1270.095
1.5000000000000036,-2.5,-30.535,213.745,-215.943,28.28,-39.592,48.652,227.744,-683.232,720.126,225.489,-509.07899999999995,556.782
1.5000000000000036,-2.3,-36.297,239.562,-242.321,31.709,-41.856,52.51,332.958,-865.69,927.62,328.37,-667.984,744.332
1.5000000000000036,-2.0999999999999996,-43.606,270.356,-273.845,35.635,-44.188,56.76,510.554,-1123.219,1233.499,502.58299999999997,-897.051,1028.246
1.5000000000000036,-1.8999999999999995,-52.962,307.179,-311.733,40.08,-46.493,61.386,823.627,-1482.529,1696.673,810.7449999999999,-1221.843,1466.359
1.5000000000000036,-1.6999999999999993,-65.198,352.067,-358.066,45.148,-48.76,66.458,1414.97,-1980.958,2433.748,1394.92,-1677.651,2181.815
1.5000000000000036,-1.4999999999999991,-81.417,407.083,-415.225,50.892,-50.892,71.981,2546.738,-2546.738,3601.088,2516.2129999999997,-2190.5469999999996,3336.139
1.5000000000000036,-1.299999999999999,-103.494,476.072,-487.249,57.398,-52.806,77.992,4541.892,-2725.135,5295.847,4495.796,-2301.869,5050.82
1.5000000000000036,-1.0999999999999988,-134.145,563.411,-579.24,64.645,-54.302,84.426,6784.721,-1356.944,6920.415,6715.221,-847.835,6768.531
1.5000000000000036,-0.8999999999999986,-177.929,676.129,-699.26,72.676,-55.234,91.282,6784.721,1356.944,6920.415,6679.468,1977.839,6966.142
1.5000000000000036,-0.6999999999999984,-242.629,824.938,-859.877,81.446,-55.383,98.484,4541.892,2725.135,5295.847,4380.709,3494.69,5603.88
1.5000000000000036,-0.4999999999999982,-341.616,1024.848,-1080.19,90.838,-54.503,105.917,2546.738,2546.738,3601.088,2295.96,3517.0829999999996,4200.155
1.5000000000000036,-0.29999999999999805,-499.437,1298.535,-1391.431,100.545,-52.283,113.334,1414.97,1980.958,2433.748,1016.078,3227.21,3383.386
1.5000000000000036,-0.09999999999999787,-765.831,1684.828,-1850.248,110.463,-48.604,120.67,823.627,1482.529,1696.673,168.2589999999999,3118.7529999999997,3123.289
1.5000000000000036,0.10000000000000231,-1235.441,2223.794,-2545.009,119.952,-43.183,127.485,510.554,1123.219,1233.499,-604.9350000000001,3303.83,3358.756
1.5000000000000036,0.3000000000000025,-2122.455,2971.436,-3650.622,128.608,-36.01,133.547,332.958,865.69,927.62,-1660.889,3801.116,4148.136
1.5000000000000036,0.5000000000000027,-3820.107,3820.107,-5401.631,135.694,-27.139,138.408,227.744,683.232,720.126,-3456.669,4476.2,5655.522
1.5000000000000036,0.7000000000000028,-6812.839,4087.703,-7943.77,140.934,-16.912,141.949,161.753,549.959,573.251,-6510.152,4620.75,7983.321
1.5000000000000036,0.900000000000003,-10177.081,2035.416,-10380.623,143.655,-5.746,143.77,118.619,450.753,466.173,-9914.806999999999,2480.423,10220.367
1.5000000000000036,1.1000000000000032,-10177.081,-2035.416,-10380.623,143.655,5.746,143.77,89.43,375.607,386.16,-9943.996,-1654.0629999999999,10080.624
1.5000000000000036,1.3000000000000034,-6812.839,-4087.703,-7943.77,140.934,16.912,141.949,68.996,317.381,324.833,-6602.909,-3753.4100000000003,7595.163
1.5000000000000036,1.5000000000000036,-3820.107,-3820.107,-5401.631,135.694,27.139,138.408,54.278,271.389,276.817,-3630.135,-3521.5789999999997,5057.608
1.5000000000000036,1.7000000000000037,-2122.455,-2971.436,-3650.622,128.608,36.01,133.547,43.465,234.712,238.71,-1950.382,-2700.714,3331.343
1.5000000000000036,1.900000000000004,-1235.441,-2223.794,-2545.009,119.952,43.183,127.485,35.308,204.786,207.822,-1080.181,-1975.8249999999998,2251.816
1.5000000000000036,2.100000000000004,-765.831,-1684.828,-1850.248,110.463,48.604,120.67,29.071,180.238,182.563,-626.297,-1455.9859999999999,1584.974
1.5000000000000036,2.3000000000000043,-499.437,-1298.535,-1391.431,100.545,52.283,113.334,24.198,159.708,161.547,-374.694,-1086.544,1149.336
1.7000000000000037,-2.5,-41.574,207.87,-211.968,28.141,-36.479,46.068,277.956,-595.621,657.168,264.523,-424.22999999999996,499.944
1.7000000000000037,-2.3,-49.251,232.182,-237.318,31.344,-38.309,49.5,391.842,-727.707,826.228,373.935,-533.8340000000001,651.772
1.7000000000000037,-2.0999999999999996,-58.884,260.774,-267.335,34.975,-40.157,53.253,568.248,-892.961,1058.564,544.339,-672.344,865.073
1.7000000000000037,-1.8999999999999995,-71.204,294.986,-303.429,39.072,-41.966,57.334,850.464,-1093.454,1385.042,818.3320000000001,-840.434,1173.029
1.7000000000000037,-1.6999999999999993,-87.12,336.033,-347.11,43.661,-43.661,61.741,1298.569,-1298.569,1836.547,1255.11,-1006.1969999999999,1608.643
1.7000000000000037,-1.4999999999999991,-108.031,385.824,-400.64,48.76,-45.148,66.458,1980.958,-1414.97,2433.748,1921.6870000000001,-1074.294,2201.588
1.7000000000000037,-1.299999999999999,-136.037,446.98,-467.191,54.453,-46.386,71.535,2847.775,-1220.475,3100.006,2766.1910000000003,-819.8809999999999,2885.137
1.7000000000000037,-1.0999999999999988,-174.152,522.457,-550.819,60.694,-47.207,76.902,3565.433,-509.348,3601.088,3451.975,-34.09800000000001,3452.143
1.7000000000000037,-0.8999999999999986,-227.608,617.792,-658.436,67.496,-47.497,82.545,3565.433,509.348,3601.088,3405.321,1079.643,3572.372
1.7000000000000037,-0.6999999999999984,-304.386,739.224,-799.232,74.787,-47.088,88.387,2847.775,1220.475,3100.006,2618.176,1912.6109999999999,3242.364
1.7000000000000037,-0.4999999999999982,-416.934,893.431,-985.752,82.443,-45.802,94.321,1980.958,1414.97,2433.748,1646.467,2262.599,2798.251
1.7000000000000037,-0.29999999999999805,-587.764,1091.561,-1239.342,90.271,-43.464,100.2,1298.569,1298.569,1836.547,801.076,2346.666,2479.63
1.7000000000000037,-0.09999999999999787,-852.372,1339.441,-1587.847,98.105,-39.969,105.917,850.464,1093.454,1385.042,96.19700000000012,2392.926,2394.859
1.7000000000000037,0.10000000000000231,-1275.696,1640.181,-2077.562,105.415,-35.138,111.115,568.248,892.961,1058.564,-602.0329999999999,2498.004,2569.527
1.7000000000000037,0.3000000000000025,-1947.853,1947.853,-2754.821,112.011,-29.04,115.703,391.842,727.707,826.228,-1444.0,2646.52,3014.831
1.7000000000000037,0.5000000000000027,-2971.436,2122.455,-3650.622,117.356,-21.733,119.355,277.956,595.621,657.168,-2576.124,2696.343,3729.166
1.7000000000000037,0.7000000000000028,-4271.662,1830.712,-4650.009,121.154,-13.462,121.917,202.924,492.816,532.821,-3947.584,2310.066,4573.819
1.7000000000000037,0.900000000000003,-5348.15,764.021,-5401.631,123.183,-4.562,123.274,151.738,411.861,438.957,-5073.228999999999,1171.32,5206.692
1.7000000000000037,1.1000000000000032,-5348.15,-764.021,-5401.631,123.183,4.562,123.274,116.101,348.304,367.212,-5108.866,-411.155,5125.384
1.7000000000000037,1.3000000000000034,-4271.662,-1830.712,-4650.009,121.154,13.462,121.917,90.692,297.987,311.461,-4059.816,-1519.263,4334.774
1.7000000000000037,1.5000000000000036,-2971.436,-2122.455,-3650.622,117.356,21.733,119.355,72.021,257.216,267.093,-2782.0589999999997,-1843.5059999999999,3337.419
1.7000000000000037,1.7000000000000037,-1947.853,-1947.853,-2754.821,112.011,29.04,115.703,58.08,224.022,231.406,-1777.7620000000002,-1694.7910000000002,2456.167
1.7000000000000037,1.900000000000004,-1275.696,-1640.181,-2077.562,105.415,35.138,111.115,47.469,196.658,202.286,-1122.812,-1408.3850000000002,1801.182
1.7000000000000037,2.100000000000004,-852.372,-1339.441,-1587.847,98.105,39.969,105.917,39.256,173.849,178.223,-715.011,-1125.623,1333.517
1.7000000000000037,2.3000000000000043,-587.764,-1091.561,-1239.342,90.271,43.464,100.2,32.834,154.788,158.212,-464.659,-893.309,1006.93
1.900000000000004,-2.5,-51.48,200.202,-206.722,27.8,-33.551,43.569,302.793,-504.655,588.427,279.113,-338.00399999999996,438.35
1.900000000000004,-2.3,-60.694,222.545,-230.705,30.786,-35.033,46.636,409.939,-592.134,720.126,380.031,-404.622,555.106
1.900000000000004,-2.0999999999999996,-72.245,248.843,-259.117,34.12,-36.473,49.944,564.589,-690.054,891.424,526.464,-477.68399999999997,710.877
1.900000000000004,-1.8999999999999995,-86.836,279.806,-292.928,37.842,-37.842,53.513,785.29,-785.29,1110.748,736.2959999999999,-543.326,915.06
1.900000000000004,-1.6999999999999993,-105.415,316.244,-333.345,41.966,-39.072,57.334,1093.454,-850.464,1385.042,1030.0049999999999,-573.292,1178.802
1.900000000000004,-1.4999999999999991,-129.548,359.856,-382.455,46.493,-40.08,61.386,1482.529,-823.627,1696.673,1399.474,-503.85099999999994,1487.412
1.900000000000004,-1.299999999999999,-161.256,412.098,-442.558,51.485,-40.833,65.706,1895.468,-631.823,1998.665,1785.6970000000001,-260.558,1804.606
1.900000000000004,-1.0999999999999988,-203.68,475.253,-517.12,56.837,-41.157,70.183,2178.364,-242.04,2192.886,2031.521,192.056,2040.579
1.900000000000004,-0.8999999999999986,-261.642,552.356,-611.08,62.63,-41.033,74.875,2178.364,242.04,2192.886,1979.352,753.3629999999999,2117.874
1.900000000000004,-0.6999999999999984,-341.186,644.462,-729.38,68.683,-40.262,79.625,1895.468,631.823,1998.665,1622.9650000000001,1236.0230000000001,2040.041
1.900000000000004,-0.4999999999999982,-454.189,756.982,-882.641,74.988,-38.787,84.426,1482.529,823.627,1696.673,1103.328,1541.822,1895.929
1.900000000000004,-0.29999999999999805,-614.909,888.202,-1080.19,81.317,-36.452,89.112,1093.454,850.464,1385.042,559.862,1702.214,1791.92
1.900000000000004,-0.09999999999999787,-846.884,1035.081,-1337.136,87.441,-33.167,93.532,785.29,785.29,1110.748,25.84699999999998,1787.2039999999997,1787.391
1.900000000000004,0.10000000000000231,-1177.934,1177.934,-1666.123,93.269,-28.945,97.643,564.589,690.054,891.424,-520.0759999999999,1839.0430000000001,1911.167
1.900000000000004,0.3000000000000025,-1640.181,1275.696,-2077.562,98.329,-23.735,101.143,409.939,592.134,720.126,-1131.913,1844.095,2163.773
1.900000000000004,0.5000000000000027,-2223.794,1235.441,-2545.009,102.393,-17.654,103.911,302.793,504.655,588.427,-1818.6079999999997,1722.442,2504.824
1.900000000000004,0.7000000000000028,-2843.201,947.734,-2997.998,105.372,-10.901,105.917,227.457,429.641,486.253,-2510.3720000000003,1366.4740000000002,2858.185
1.900000000000004,0.900000000000003,-3267.546,363.061,-3289.329,106.794,-3.683,106.868,174.428,368.237,407.387,-2986.324,727.615,3073.687
1.900000000000004,1.1000000000000032,-3267.546,-363.061,-3289.329,106.794,3.683,106.868,135.786,316.835,344.747,-3024.966,-42.543000000000006,3025.265
1.900000000000004,1.3000000000000034,-2843.201,-947.734,-2997.998,105.372,10.901,105.917,107.504,274.732,295.038,-2630.3250000000003,-662.1010000000001,2712.377
1.900000000000004,1.5000000000000036,-2223.794,-1235.441,-2545.009,102.393,17.654,103.911,86.366,239.904,254.97,-2035.0349999999999,-977.883,2257.792
1.900000000000004,1.7000000000000037,-1640.181,-1275.696,-2077.562,98.329,23.735,101.143,70.277,210.83,222.23,-1471.575,-1041.131,1802.633
1.900000000000004,1.900000000000004,-1177.934,-1177.934,-1666.123,93.269,28.945,97.643,57.891,186.537,195.285,-1026.774,-962.452,1407.33
1.900000000000004,2.100000000000004,-846.884,-1035.081,-1337.136,87.441,33.167,93.532,48.163,165.895,172.745,-711.28,-836.0189999999999,1097.655
1.900000000000004,2.3000000000000043,-614.909,-888.202,-1080.19,81.317,36.452,89.112,40.463,148.364,153.804,-493.12899999999996,-703.386,859.027
2.100000000000004,-2.5,-60.133,191.332,-200.571,27.306,-30.829,41.179,307.699,-419.59,520.291,274.872,-259.087,377.731
2.100000000000004,-2.3,-70.533,211.599,-223.077,30.053,-31.992,43.896,400.886,-473.775,620.645,360.406,-294.168,465.217
2.100000000000004,-2.0999999999999996,-83.477,235.252,-249.595,33.113,-33.113,46.828,525.577,-525.577,743.453,475.21299999999997,-323.438,574.839
2.100000000000004,-1.8999999999999995,-99.502,262.323,-280.595,36.473,-34.12,49.944,690.054,-564.589,891.424,627.025,-336.3860000000001,711.559
2.100000000000004,-1.6999999999999993,-119.906,294.315,-317.751,40.157,-34.975,53.253,892.961,-568.248,1058.564,813.212,-308.9080000000001,869.907
2.100000000000004,-1.4999999999999991,-145.811,331.389,-362.01,44.188,-35.635,56.76,1123.219,-510.554,1233.499,1021.596,-214.79999999999995,1043.934
2.100000000000004,-1.299999999999999,-179.117,374.517,-415.225,48.511,-35.992,60.404,1336.444,-364.485,1385.042,1205.838,-25.960000000000036,1206.117
2.100000000000004,-1.0999999999999988,-222.824,425.391,-480.287,53.161,-36.013,64.205,1467.501,-133.409,1474.171,1297.838,255.96900000000005,1322.839
2.100000000000004,-0.8999999999999986,-280.836,485.08,-560.396,58.041,-35.573,68.076,1467.501,133.409,1474.171,1244.706,582.9159999999999,1374.44
2.100000000000004,-0.6999999999999984,-357.669,552.761,-658.436,63.106,-34.606,71.981,1336.444,364.485,1385.042,1041.8809999999999,882.64,1365.492
2.100000000000004,-0.4999999999999982,-461.549,629.385,-780.437,68.299,-33.048,75.878,1123.219,510.554,1233.499,729.969,1106.891,1325.919
2.100000000000004,-0.29999999999999805,-601.329,710.662,-930.967,73.419,-30.789,79.625,892.961,568.248,1058.564,365.05100000000004,1248.121,1300.411
2.100000000000004,-0.09999999999999787,-788.366,788.366,-1115.179,78.417,-27.826,83.198,690.054,564.589,891.424,-19.894999999999982,1325.129,1325.278
2.100000000000004,0.10000000000000231,-1035.081,846.884,-1337.136,82.948,-24.082,86.372,525.577,525.577,743.453,-426.5559999999999,1348.379,1414.24
2.100000000000004,0.3000000000000025,-1339.441,852.372,-1587.847,86.925,-19.628,89.112,400.886,473.775,620.645,-851.6300000000001,1306.5189999999998,1559.572
2.100000000000004,0.5000000000000027,-1684.828,765.831,-1850.248,90.119,-14.535,91.282,307.699,419.59,520.291,-1287.01,1170.886,1739.934
2.100000000000004,0.7000000000000028,-2004.665,546.727,-2077.562,92.395,-8.941,92.812,238.446,368.508,438.957,-1673.824,906.2939999999999,1903.433
2.100000000000004,0.900000000000003,-2201.251,200.114,-2211.257,93.471,-3.015,93.532,187.224,323.387,373.597,-1920.5560000000003,520.486,1989.834
2.100000000000004,1.1000000000000032,-2201.251,-200.114,-2211.257,93.471,3.015,93.532,148.549,283.594,320.191,-1959.2310000000002,86.49499999999998,1961.139
2.100000000000004,1.3000000000000034,-2004.665,-546.727,-2077.562,92.395,8.941,92.812,119.411,249.678,276.817,-1792.859,-288.10799999999995,1815.861
2.100000000000004,1.5000000000000036,-1684.828,-765.831,-1850.248,90.119,14.535,91.282,97.208,220.926,241.34,-1497.501,-530.3700000000001,1588.648
2.100000000000004,1.7000000000000037,-1339.441,-852.372,-1587.847,86.925,19.628,89.112,79.937,196.21,211.834,-1172.5790000000002,-636.5339999999999,1334.21
2.100000000000004,1.900000000000004,-1035.081,-846.884,-1337.136,82.948,24.082,86.372,66.335,174.882,187.063,-885.7979999999999,-647.9200000000001,1097.469
2.100000000000004,2.100000000000004,-788.366,-788.366,-1115.179,78.417,27.826,83.198,55.651,156.835,166.397,-654.298,-603.7049999999999,890.262
2.100000000000004,2.3000000000000043,-601.329,-710.662,-930.967,73.419,30.789,79.625,47.022,141.066,148.718,-480.888,-538.807,722.195
2.3000000000000043,-2.5,-67.419,181.513,-193.649,26.688,-28.306,38.9,299.181,-345.209,456.827,258.45,-192.002,321.965
2.3000000000000043,-2.3,-78.654,199.661,-214.606,29.217,-29.217,41.321,376.859,-376.859,532.821,327.42199999999997,-206.41499999999996,387.056
2.3000000000000043,-2.0999999999999996,-92.366,220.258,-238.874,31.992,-30.053,43.896,473.775,-400.886,620.645,413.40099999999995,-210.681,463.99
2.3000000000000043,-1.8999999999999995,-109.357,243.95,-267.335,35.033,-30.786,46.636,592.134,-409.939,720.126,517.8100000000001,-196.77500000000003,553.938
2.3000000000000043,-1.6999999999999993,-130.391,270.812,-300.601,38.309,-31.344,49.5,727.707,-391.842,826.228,635.625,-152.37399999999997,653.634
2.3000000000000043,-1.4999999999999991,-156.85,301.634,-340.002,41.856,-31.709,52.51,865.69,-332.958,927.62,750.696,-63.033000000000015,753.338
2.3000000000000043,-1.299999999999999,-190.331,336.739,-386.81,45.649,-31.816,55.636,985.708,-227.471,1011.488,841.026,77.452,844.585
2.3000000000000043,-1.0999999999999988,-232.925,376.264,-442.558,49.609,-31.569,58.809,1055.317,-81.178,1058.564,872.001,263.517,910.948
2.3000000000000043,-0.8999999999999986,-287.734,420.534,-509.51,53.786,-30.967,62.065,1055.317,81.178,1058.564,821.369,470.745,946.704
2.3000000000000043,-0.6999999999999984,-358.151,468.351,-589.571,58.067,-29.914,65.317,985.708,227.471,1011.488,685.624,665.908,955.779
2.3000000000000043,-0.4999999999999982,-448.772,517.814,-685.24,62.349,-28.341,68.49,865.69,332.958,927.62,479.26700000000005,822.431,951.887
2.3000000000000043,-0.29999999999999805,-565.289,565.289,-799.232,66.554,-26.218,71.535,727.707,391.842,826.228,228.97199999999998,930.913,958.659
2.3000000000000043,-0.09999999999999787,-710.662,601.329,-930.967,70.533,-23.511,74.359,592.134,409.939,720.126,-47.995000000000005,987.7570000000001,988.922
2.3000000000000043,0.10000000000000231,-888.202,614.909,-1080.19,74.182,-20.231,76.902,473.775,400.886,620.645,-340.245,995.5640000000001,1052.1
2.3000000000000043,0.3000000000000025,-1091.561,587.764,-1239.342,77.394,-16.417,79.106,376.859,376.859,532.821,-637.308,948.2059999999999,1142.478
2.3000000000000043,0.5000000000000027,-1298.535,499.437,-1391.431,79.854,-12.099,80.774,299.181,345.209,456.827,-919.5,832.547,1240.409
2.3000000000000043,0.7000000000000028,-1478.562,341.207,-1517.232,81.602,-7.418,81.948,238.767,312.234,393.047,-1158.1929999999998,646.0229999999999,1326.181
2.3000000000000043,0.900000000000003,-1582.976,121.767,-1587.847,82.495,-2.5,82.545,191.823,280.356,339.674,-1308.6580000000001,399.623,1368.314
2.3000000000000043,1.1000000000000032,-1582.976,-121.767,-1587.847,82.495,2.5,82.545,155.283,250.842,295.038,-1345.1980000000003,131.57500000000002,1351.617
2.3000000000000043,1.3000000000000034,-1478.562,-341.207,-1517.232,81.602,7.418,81.948,126.887,224.493,257.874,-1270.0729999999999,-109.29599999999999,1274.767
2.3000000000000043,1.5000000000000036,-1298.535,-499.437,-1391.431,79.854,12.099,80.774,104.567,201.09,226.668,-1114.114,-286.24800000000005,1150.299
2.3000000000000043,1.7000000000000037,-1091.561,-587.764,-1239.342,77.394,16.417,79.106,86.927,180.541,200.401,-927.2399999999999,-390.806,1006.232
2.3000000000000043,1.900000000000004,-888.202,-614.909,-1080.19,74.182,20.231,76.902,72.904,162.633,178.223,-741.116,-432.04499999999996,857.855
2.3000000000000043,2.100000000000004,-710.662,-601.329,-930.967,70.533,23.511,74.359,61.578,146.839,159.249,-578.551,-430.979,721.432
2.3000000000000043,2.3000000000000043,-565.289,-565.289,-799.232,66.554,26.218,71.535,52.436,133.108,143.071,-446.29900000000004,-405.963,603.315
